alpha,ok,margin,phase,substep,reason
34,1,11.9363,,,
34.05,1,11.9436,,,
34.1,1,11.9509,,,
34.15,1,11.9582,,,
34.2,1,11.9654,,,
34.25,1,11.9726,,,
34.3,1,11.9797,,,
34.35,1,11.9869,,,
34.4,1,11.9940,,,
34.45,1,12.0011,,,
34.5,1,12.0082,,,
34.55,1,12.0154,,,
34.6,1,12.0225,,,
34.65,1,12.0296,,,
34.7,1,12.0366,,,
34.75,1,12.0436,,,
34.8,1,12.0505,,,
34.85,1,12.0575,,,
34.9,1,12.0644,,,
34.95,1,12.0714,,,
35,1,12.0783,,,
35.05,1,12.0852,,,
35.1,1,12.0921,,,
35.15,1,12.0990,,,
35.2,1,12.1058,,,
35.25,1,12.1127,,,
35.3,1,12.1195,,,
35.35,1,12.1264,,,
35.4,1,12.1332,,,
35.45,1,12.1400,,,
35.5,1,12.1468,,,
35.55,1,12.1535,,,
35.6,1,12.1603,,,
35.65,1,12.1670,,,
35.7,1,12.1738,,,
35.75,1,12.1805,,,
35.8,1,12.1872,,,
35.85,1,12.1939,,,
35.9,1,12.2006,,,
35.95,1,12.2073,,,
36,1,12.2139,,,
36.05,1,12.2206,,,
36.1,1,12.2272,,,
36.15,1,12.2338,,,
36.2,1,12.2404,,,
36.25,1,12.2470,,,
36.3,1,12.2536,,,
36.35,1,12.2602,,,
36.4,1,12.2668,,,
36.45,1,12.2734,,,
36.5,1,12.2800,,,
36.55,1,12.2866,,,
36.6,1,12.2931,,,
36.65,1,12.2996,,,
36.7,1,12.3062,,,
36.75,1,12.3127,,,
36.8,1,12.3192,,,
36.85,1,12.3257,,,
36.9,1,12.3322,,,
36.95,1,12.3386,,,
37,1,12.3451,,,
37.05,1,12.3515,,,
37.1,1,12.3579,,,
37.15,1,12.3643,,,
37.2,1,12.3707,,,
37.25,1,12.3771,,,
37.3,1,12.3835,,,
37.35,1,12.3898,,,
37.4,1,12.3962,,,
37.45,1,12.4025,,,
37.5,1,12.4088,,,
37.55,1,12.4151,,,
37.6,1,12.4214,,,
37.65,1,12.4277,,,
37.7,1,12.4339,,,
37.75,1,12.4402,,,
37.8,1,12.4464,,,
37.85,1,12.4527,,,
37.9,1,12.4589,,,
37.95,1,12.4651,,,
38,1,12.4713,,,
38.05,1,12.4774,,,
38.1,1,12.4836,,,
38.15,1,12.4897,,,
38.2,1,12.4959,,,
38.25,1,12.5020,,,
38.3,1,12.5081,,,
38.35,1,12.5142,,,
38.4,1,12.5203,,,
38.45,1,12.5264,,,
38.5,1,12.5324,,,
38.55,1,12.5385,,,
38.6,1,12.5445,,,
38.65,1,12.5505,,,
38.7,1,12.5565,,,
38.75,1,12.5625,,,
38.8,1,12.5685,,,
38.85,1,12.5745,,,
38.9,1,12.5804,,,
38.95,1,12.5864,,,
39,1,12.5923,,,
39.05,1,12.5982,,,
39.1,1,12.6041,,,
39.15,1,12.6100,,,
39.2,1,12.6159,,,
39.25,1,12.6218,,,
39.3,1,12.6276,,,
39.35,1,12.6335,,,
39.4,1,12.6393,,,
39.45,1,12.6451,,,
39.5,1,12.6509,,,
39.55,1,12.6567,,,
39.6,1,12.6625,,,
39.65,1,12.6682,,,
39.7,1,12.6740,,,
39.75,1,12.6798,,,
39.8,1,12.6855,,,
39.85,1,12.6912,,,
39.9,1,12.6969,,,
39.95,1,12.7026,,,
40,1,12.7083,,,
40.05,1,12.7139,,,
40.1,1,12.7196,,,
40.15,1,12.7252,,,
40.2,1,12.7309,,,
40.25,1,12.7365,,,
40.3,1,12.7421,,,
40.35,1,12.7477,,,
40.4,1,12.7532,,,
40.45,1,12.7588,,,
40.5,1,12.7644,,,
40.55,1,12.7699,,,
40.6,1,12.7754,,,
40.65,1,12.7810,,,
40.7,1,12.7865,,,
40.75,1,12.7920,,,
40.8,1,12.7975,,,
40.85,1,12.8029,,,
40.9,1,12.8084,,,
40.95,1,12.8138,,,
41,1,12.8192,,,
41.05,1,12.8247,,,
41.1,1,12.8301,,,
41.15,1,12.8355,,,
41.2,1,12.8409,,,
41.25,1,12.8463,,,
41.3,1,12.8516,,,
41.35,1,12.8569,,,
41.4,1,12.8623,,,
41.45,1,12.8676,,,
41.5,1,12.8729,,,
41.55,1,12.8782,,,
41.6,1,12.8835,,,
41.65,1,12.8888,,,
41.7,1,12.8941,,,
41.75,1,12.8993,,,
41.8,1,12.9046,,,
41.85,1,12.9098,,,
41.9,1,12.9150,,,
41.95,1,12.9202,,,
42,1,12.9254,,,
