alpha,blueOver,pushedRed,m0m,x0m,l0m,m0p,x0p,l0p,m1m,x1m,l1m,m1p,x1p,l1p,m2m,x2m,l2m,m2p,x2p,l2p
2,0,1,4.660823102268836,4.660823102268836,46.125000000000064,-1.7574014132700881,-1.7574014132700881,67.50000000000018,-1.7574014132700881,-1.7574014132700881,48.37500000000008,-1.7330650940623258,-1.7330650940623258,19.124999999999993,6.039044683789768,6.039044683789768,110.25000000000041,-1.8192848088050795,-1.8086597144247065,3.3750000000000004
2.1,0,1,4.68424324709585,4.68424324709585,46.125000000000064,-1.69811045389595,-1.69811045389595,67.50000000000018,-1.69811045389595,-1.69811045389595,48.37500000000008,-1.6762989092973157,-1.6762989092973157,19.124999999999993,6.059310297003648,6.059310297003648,110.25000000000041,-1.7596713895333096,-1.749073554885058,3.3750000000000004
2.2,0,1,4.700149456732277,4.700149456732277,46.125000000000064,-1.6388630981054888,-1.6388630981054888,67.50000000000018,-1.6388630981054888,-1.6388630981054888,48.37500000000008,-1.627987048970894,-1.6253930401481114,19.124999999999993,6.082338706164933,6.082338706164933,110.25000000000041,-1.7000946809091317,-1.6895248430301137,3.3750000000000004
2.3000000000000003,0,1,4.725777362455645,4.725777362455645,46.125000000000064,-1.5796594079660053,-1.5796594079660053,67.50000000000018,-1.5796594079660053,-1.5796594079660053,48.37500000000008,-1.564842355632564,-1.5633243815089628,19.124999999999993,6.10634565014108,6.10634565014108,110.25000000000041,-1.6405565528510664,-1.630015250278504,3.3750000000000004
2.4000000000000004,0,1,4.741518365740987,4.741518365740987,46.125000000000064,-1.5204994454379772,-1.5204994454379772,67.50000000000018,-1.5204994454379772,-1.5204994454379772,48.37500000000008,-1.5083877713191924,-1.5081819591138554,19.124999999999993,6.112985093128032,6.112985093128032,110.25000000000041,-1.5810570674527469,-1.5705448386245706,3.3750000000000004
2.5000000000000004,0,1,4.767187549522163,4.767187549522163,46.125000000000064,-1.4613832723753433,-1.4613832723753433,67.50000000000018,-1.4613832723753433,-1.4613832723753433,48.37500000000008,-1.4599479105258837,-1.4540413068223188,19.124999999999993,3.785961155175457,3.785961155175457,53.2500000000001,-1.5215983855845252,-1.5111155385474007,3.3750000000000004
2.6000000000000005,0,1,4.782055823360679,4.782055823360679,46.125000000000064,-1.40231095052593,-1.40231095052593,67.50000000000018,-1.40231095052593,-1.40231095052593,48.37500000000008,-1.3971679344976167,-1.3927536089617405,19.124999999999993,3.814861411939603,3.814861411939603,53.2500000000001,-1.4621765547698118,-1.4517238379437885,3.3750000000000004
2.7000000000000006,0,1,4.800273068396535,4.800273068396535,46.125000000000064,-1.34328254153165,-1.34328254153165,67.50000000000018,-1.34328254153165,-1.34328254153165,48.37500000000008,-1.3409789051190302,-1.3377882601097326,19.124999999999993,3.8445199667811067,3.8445199667811067,53.2500000000001,-1.4027935593498881,-1.3923715100965524,3.3750000000000004
2.8000000000000007,0,1,4.820583791443937,4.820583791443937,46.125000000000064,-1.2842981069290005,-1.2842981069290005,67.50000000000018,-1.2842981069290005,-1.2842981069290005,48.37500000000008,-1.2921921011643889,-1.2834500151123365,19.124999999999993,3.874217865167111,3.874217865167111,53.2500000000001,-1.3434514612947481,-1.3330603974379045,3.3750000000000004
2.900000000000001,0,1,4.837105424181132,4.837105424181132,46.125000000000064,-1.2253577081493034,-1.2253577081493034,67.50000000000018,-1.2253577081493034,-1.2253577081493034,48.37500000000008,-1.2299240778478833,-1.2226306367293205,19.124999999999993,3.902007733416923,3.902007733416923,53.2500000000001,-1.2841464744400497,-1.2737871358189636,3.3750000000000004
3.000000000000001,0,1,4.855125293003667,4.855125293003667,46.125000000000064,-1.1664614065189767,-1.1664614065189767,67.50000000000018,-1.1664614065189767,-1.1664614065189767,48.37500000000008,-1.1671899293873196,-1.1613434492169006,19.124999999999993,3.931079126236952,3.931079126236952,53.2500000000001,-1.2248805127377835,-1.2145534358561179,3.3750000000000004
3.100000000000001,0,1,4.874721159711328,4.874721159711328,46.125000000000064,-1.1076092632600592,-1.1076092632600592,67.50000000000018,-1.1076092632600592,-1.1076092632600592,48.37500000000008,-1.1108780136677723,-1.101570045586115,19.124999999999993,6.255001888810639,6.255001888810639,109.87500000000041,-1.1656546175182427,-1.1553602312967115,3.3750000000000004
3.200000000000001,0,1,4.890164615193157,4.890164615193157,46.125000000000064,-1.0488013394903533,-1.0488013394903533,67.50000000000018,-1.0488013394903533,-1.0488013394903533,48.37500000000008,-1.062148911382522,-1.0481341282106627,19.499999999999993,6.277877977672233,6.277877977672233,109.87500000000041,-1.1064676003464058,-1.0962064706731098,3.3750000000000004
3.300000000000001,0,1,4.913968678454083,4.913968678454083,46.125000000000064,-0.9900376962238795,-0.9900376962238795,67.50000000000018,-0.9900376962238795,-0.9900376962238795,48.37500000000008,-0.9994542122033465,-0.9871674055119399,19.499999999999993,6.298876888866275,6.298876888866275,109.87500000000041,-1.047319524409346,-1.037092216839909,3.3750000000000004
3.4000000000000012,0,1,4.926921987885748,4.926921987885748,46.125000000000064,-0.9313183943710897,-0.9313183943710897,67.50000000000018,-0.9313183943710897,-0.9313183943710897,48.37500000000008,-0.9434861864659752,-0.9262196484352501,19.499999999999993,6.3107388503664055,6.3107388503664055,109.87500000000041,-0.9882116679780211,-0.978018614490864,3.3750000000000004
3.5000000000000013,0,1,4.943295661150728,4.943295661150728,46.125000000000064,-0.8726434947392647,-0.8726434947392647,67.50000000000018,-0.8726434947392647,-0.8726434947392647,48.37500000000008,-0.8953052269553154,-0.872577405435635,19.499999999999993,6.330373942472818,6.330373942472818,109.87500000000041,-0.9291423428851999,-0.9189841671502847,3.3750000000000004
3.6000000000000014,0,1,4.96089812681241,4.96089812681241,46.125000000000064,-0.8140130580328275,-0.8140130580328275,67.87500000000018,-0.8140130580328275,-0.8140130580328275,48.37500000000008,-0.8331167840317448,-0.8120687023729118,19.499999999999993,6.3537355234444135,6.3537355234444135,109.87500000000041,-0.8701122960919605,-0.859989546434619,3.3750000000000004
3.7000000000000015,0,1,4.9793673840049735,4.9793673840049735,46.125000000000064,-0.7554271448536412,-0.7554271448536412,67.87500000000018,-0.7554271448536412,-0.7554271448536412,48.37500000000008,-0.7773423735344096,-0.7512583257309586,19.499999999999993,6.3768057234288165,6.3768057234288165,109.87500000000041,-0.8111215893617469,-0.8010348138868864,3.3750000000000004
3.8000000000000016,0,1,4.994944976926249,4.994944976926249,46.125000000000064,-0.6968858157012932,-0.6968858157012932,67.87500000000018,-0.6968858157012932,-0.6968858157012932,48.37500000000008,-0.7288794900308488,-0.6973950019089585,19.499999999999993,6.39601219914627,6.39601219914627,109.87500000000041,-0.7521718831008712,-0.7421214544347947,3.3750000000000004
3.9000000000000017,0,1,5.008189897956882,5.008189897956882,46.125000000000064,-0.6383891309734935,-0.6383891309734935,67.87500000000018,-0.6383891309734935,-0.6383891309734935,48.37500000000008,-0.667213516895174,-0.6373502428207019,19.499999999999993,6.417062962211929,6.417062962211929,109.87500000000041,-0.6932604603374131,-0.6832470554873993,3.3750000000000004
4.000000000000002,0,1,5.023733613198516,5.023733613198516,46.125000000000064,-0.5799371509663303,-0.5799371509663303,67.87500000000018,-0.5799371509663303,-0.5799371509663303,48.37500000000008,-0.6048927500591361,-0.5766406826502646,19.499999999999993,6.429347440218635,6.429347440218635,109.87500000000041,-0.634388609629454,-0.6244127708561109,3.3750000000000004
4.100000000000001,0,1,5.042768535693696,5.042768535693696,46.125000000000064,-0.521529935874554,-0.521529935874554,67.87500000000018,-0.521529935874554,-0.521529935874554,48.37500000000008,-0.5562681319518816,-0.515924860038723,19.499999999999993,6.4534302105070225,6.4534302105070225,109.87500000000041,-0.5755563919356632,-0.5656186613218637,3.3750000000000004
4.200000000000001,0,1,5.057469702777567,5.057469702777567,46.125000000000064,-0.4631675457919471,-0.4631675457919471,67.87500000000018,-0.4631675457919471,-0.4631675457919471,48.37500000000008,-0.5015821722398499,-0.4626578540271282,19.499999999999993,6.4727563269482005,6.4727563269482005,109.87500000000041,-0.5167656420863409,-0.5068663671189597,3.3750000000000004
4.300000000000001,0,1,5.079213032016952,5.079213032016952,46.125000000000064,-0.40485004071153696,-0.40485004071153696,67.87500000000018,-0.40485004071153696,-0.40485004071153696,48.37500000000008,-0.4395601499581119,-0.40281707681771195,19.499999999999993,6.4955379533118105,6.4955379533118105,109.87500000000041,-0.4580131745164806,-0.4481530582971942,3.3750000000000004
4.4,0,1,5.093296537494368,5.093296537494368,46.125000000000064,-0.34657748052602244,-0.34657748052602244,67.87500000000018,-0.34657748052602244,-0.34657748052602244,48.37500000000008,-0.38413358619321514,-0.34301110721258965,19.499999999999993,6.516186205538872,6.516186205538872,109.87500000000041,-0.3993005448687086,-0.38948012646761754,3.3750000000000004
4.5,0,1,5.111213582895175,5.111213582895175,46.125000000000064,-0.28834992502801526,-0.28834992502801526,67.87500000000018,-0.28834992502801526,-0.28834992502801526,48.37500000000008,-0.3362080579207003,-0.29024150473173904,19.499999999999993,6.5292266093466225,6.5292266093466225,109.87500000000041,-0.3406278134948906,-0.3308476318250939,3.3750000000000004
4.6,0,1,5.13464126459408,5.13464126459408,46.125000000000064,-0.2301674339102533,-0.2301674339102533,67.87500000000018,-0.2301674339102533,-0.2301674339102533,48.37500000000008,-0.2746934532034402,-0.23138729918966305,19.499999999999993,6.551772784348842,6.551772784348842,109.87500000000041,-0.28199504065109693,-0.27225563446775425,3.3750000000000004
4.699999999999999,0,1,5.157296321799549,5.157296321799549,46.125000000000064,-0.17203006676604105,-0.17203006676604105,67.87500000000018,-0.17203006676604105,-0.17203006676604105,48.37500000000008,-0.219357690741532,-0.17259467424921127,19.499999999999993,6.573194252914718,6.573194252914718,109.87500000000041,-0.22340438608969748,-0.21370606395932157,3.3750000000000004
4.799999999999999,0,1,5.179398717236353,5.179398717236353,46.125000000000064,-0.11393788308944863,-0.11393788308944863,67.87500000000018,-0.11393788308944863,-0.11393788308944863,48.37500000000008,-0.16450190757076655,-0.11389050321831462,19.499999999999993,6.595888732174146,6.595888732174146,109.87500000000041,-0.17549123786520227,-0.15519546077561586,3.7500000000000004
4.875,0,1,5.199998549100911,5.199998549100911,46.125000000000064,-0.0703984327162459,-0.0703984327162459,67.87500000000018,-0.0703984327162459,-0.0703984327162459,48.37500000000008,-0.12546691246254227,-0.07705900807451371,19.499999999999993,6.610396454416701,6.610396454416701,109.87500000000041,-0.1315732048098397,-0.11133920689475474,3.7500000000000004
