alpha,blueOver,pushedRed,m0m,x0m,l0m
4.875,0,1,5.199998549100911,5.199998549100911,46.125000000000064
4.876,0,1,5.20032880581897,5.20032880581897,46.125000000000064
4.877000000000001,0,1,5.20065902375795,5.20065902375795,46.125000000000064
4.878000000000001,0,1,5.2009892028906535,5.2009892028906535,46.125000000000064
4.879000000000001,0,1,5.201319343190292,5.201319343190292,46.125000000000064
4.880000000000002,0,1,5.201635397575259,5.201635397575259,46.125000000000064
4.881000000000002,0,1,5.201937953916627,5.201937953916627,46.125000000000064
4.882000000000002,0,1,5.202240466993032,5.202240466993032,46.125000000000064
4.883000000000003,0,1,5.202542936781725,5.202542936781725,46.125000000000064
4.884000000000003,0,1,5.202845363259868,5.202845363259868,46.125000000000064
4.885000000000003,0,1,5.203147746405008,5.203147746405008,46.125000000000064
4.886000000000004,0,1,5.203450086194351,5.203450086194351,46.125000000000064
4.887000000000004,0,1,5.2037523826053445,5.2037523826053445,46.125000000000064
4.888000000000004,0,1,5.204054635615535,5.204054635615535,46.125000000000064
4.889000000000005,0,1,5.204356845202412,5.204356845202412,46.125000000000064
4.890000000000005,0,1,5.204659011343523,5.204659011343523,46.125000000000064
4.891000000000005,0,1,5.204961134016372,5.204961134016372,46.125000000000064
4.892000000000006,0,1,5.205263213198805,5.205263213198805,46.125000000000064
4.893000000000006,0,1,5.20556524886841,5.20556524886841,46.125000000000064
4.894000000000006,0,1,5.20586724100292,5.20586724100292,46.125000000000064
4.895000000000007,0,1,5.20616918958018,5.20616918958018,46.125000000000064
4.896000000000007,0,1,5.206471094577964,5.206471094577964,46.125000000000064
4.897000000000007,0,1,5.20677295597423,5.20677295597423,46.125000000000064
4.898000000000008,0,1,5.2070747737469105,5.2070747737469105,46.125000000000064
4.899000000000008,0,1,5.207376375535006,5.207376375535006,46.125000000000064
4.900000000000008,0,1,5.207677773172065,5.207677773172065,46.125000000000064
4.901000000000009,0,1,5.207979127208688,5.207979127208688,46.125000000000064
4.902000000000009,0,1,5.208280437623031,5.208280437623031,46.125000000000064
4.903000000000009,0,1,5.208581704393339,5.208581704393339,46.125000000000064
4.90400000000001,0,1,5.203679270256885,5.203679270256885,46.125000000000064
4.90500000000001,0,1,5.203981339188047,5.203981339188047,46.125000000000064
4.90600000000001,0,1,5.204283364369417,5.204283364369417,46.125000000000064
4.907000000000011,0,1,5.204585345779336,5.204585345779336,46.125000000000064
4.908000000000011,0,1,5.204887283396147,5.204887283396147,46.125000000000064
4.909000000000011,0,1,5.205189177198264,5.205189177198264,46.125000000000064
4.910000000000012,0,1,5.205491027164015,5.205491027164015,46.125000000000064
4.911000000000012,0,1,5.205792833272085,5.205792833272085,46.125000000000064
4.912000000000012,0,1,5.2060945955009,5.2060945955009,46.125000000000064
4.913000000000013,0,1,5.206396313828975,5.206396313828975,46.125000000000064
4.914000000000013,0,1,5.206697988234993,5.206697988234993,46.125000000000064
4.915000000000013,0,1,5.206999618697623,5.206999618697623,46.125000000000064
4.916000000000014,0,1,5.20730120519552,5.20730120519552,46.125000000000064
4.917000000000014,0,1,5.207602747707497,5.207602747707497,46.125000000000064
4.918000000000014,0,1,5.2079042462123795,5.2079042462123795,46.125000000000064
4.919000000000015,0,1,5.208205700688893,5.208205700688893,46.125000000000064
4.920000000000015,0,1,5.208507111116063,5.208507111116063,46.125000000000064
4.921000000000015,0,1,5.208808477472687,5.208808477472687,46.125000000000064
4.922000000000016,0,1,5.209109799737902,5.209109799737902,46.125000000000064
4.923000000000016,0,1,5.20940738680352,5.20940738680352,46.125000000000064
4.924000000000016,0,1,5.209704558816867,5.209704558816867,46.125000000000064
4.925000000000017,0,1,5.210001689769669,5.210001689769669,46.125000000000064
4.926000000000017,0,1,5.210298779640752,5.210298779640752,46.125000000000064
4.927000000000017,0,1,5.210595828408728,5.210595828408728,46.125000000000064
4.928000000000018,0,1,5.210892836052324,5.210892836052324,46.125000000000064
4.929000000000018,0,1,5.211189802550251,5.211189802550251,46.125000000000064
4.930000000000018,0,1,5.211486727881351,5.211486727881351,46.125000000000064
4.931000000000019,0,1,5.2117836120243055,5.2117836120243055,46.125000000000064
4.932000000000019,0,1,5.212080454958198,5.212080454958198,46.125000000000064
4.933000000000019,0,1,5.212377256661711,5.212377256661711,46.125000000000064
4.93400000000002,0,1,5.212674017113969,5.212674017113969,46.125000000000064
4.93500000000002,0,1,5.2129707362939115,5.2129707362939115,46.125000000000064
4.93600000000002,0,1,5.2132674141805495,5.2132674141805495,46.125000000000064
4.937000000000021,0,1,5.2135640507529075,5.2135640507529075,46.125000000000064
4.938000000000021,0,1,5.213860645990252,5.213860645990252,46.125000000000064
4.939000000000021,0,1,5.214157199871508,5.214157199871508,46.125000000000064
4.940000000000022,0,1,5.214453712376013,5.214453712376013,46.125000000000064
4.941000000000022,0,1,5.214750183483034,5.214750183483034,46.125000000000064
4.942000000000022,0,1,5.215051749219867,5.215051749219867,46.125000000000064
4.943000000000023,0,1,5.215353326127712,5.215353326127712,46.125000000000064
4.944000000000023,0,1,5.215654860596942,5.215654860596942,46.125000000000064
4.945000000000023,0,1,5.215956352602987,5.215956352602987,46.125000000000064
4.946000000000024,0,1,5.21625780212139,5.21625780212139,46.125000000000064
4.947000000000024,0,1,5.216559209127453,5.216559209127453,46.125000000000064
4.948000000000024,0,1,5.216860573597032,5.216860573597032,46.125000000000064
4.949000000000025,0,1,5.217161895505626,5.217161895505626,46.125000000000064
4.950000000000025,0,1,5.217463174828879,5.217463174828879,46.125000000000064
4.951000000000025,0,1,5.2177641522686145,5.2177641522686145,46.125000000000064
4.952000000000026,0,1,5.218064877445386,5.218064877445386,46.125000000000064
4.953000000000026,0,1,5.218365560099983,5.218365560099983,46.125000000000064
4.954000000000026,0,1,5.2186662002082755,5.2186662002082755,46.125000000000064
4.955000000000027,0,1,5.218966797746305,5.218966797746305,46.125000000000064
4.956000000000027,0,1,5.219267352690011,5.219267352690011,46.125000000000064
4.957000000000027,0,1,5.219567865015634,5.219567865015634,46.125000000000064
4.958000000000028,0,1,5.219868334699129,5.219868334699129,46.125000000000064
4.959000000000028,0,1,5.2201687617166925,5.2201687617166925,46.125000000000064
4.960000000000028,0,1,5.220469146044607,5.220469146044607,46.125000000000064
4.961000000000029,0,1,5.2207694876590836,5.2207694876590836,46.125000000000064
4.962000000000029,0,1,5.221069786536432,5.221069786536432,46.125000000000064
4.963000000000029,0,1,5.221370042653021,5.221370042653021,46.125000000000064
4.96400000000003,0,1,5.221670255985231,5.221670255985231,46.125000000000064
4.96500000000003,0,1,5.2219704265096,5.2219704265096,46.125000000000064
4.96600000000003,0,1,5.222270554202495,5.222270554202495,46.125000000000064
4.967000000000031,0,1,5.218789461926491,5.218789461926491,46.125000000000064
4.968000000000031,0,1,5.2190907318410495,5.2190907318410495,46.125000000000064
4.969000000000031,0,1,5.219391959154336,5.219391959154336,46.125000000000064
4.970000000000032,0,1,5.219693020685128,5.219693020685128,46.125000000000064
4.971000000000032,0,1,5.219993693813592,5.219993693813592,46.125000000000064
4.972000000000032,0,1,5.220294324403952,5.220294324403952,46.125000000000064
4.973000000000033,0,1,5.220594912432048,5.220594912432048,46.125000000000064
4.974000000000033,0,1,5.220895457873837,5.220895457873837,46.125000000000064
4.975000000000033,0,1,5.221195960705359,5.221195960705359,46.125000000000064
4.976000000000034,0,1,5.22149642090271,5.22149642090271,46.125000000000064
4.977000000000034,0,1,5.2217968384417475,5.2217968384417475,46.125000000000064
4.978000000000034,0,1,5.22209721329898,5.22209721329898,46.125000000000064
4.979000000000035,0,1,5.222397545450335,5.222397545450335,46.125000000000064
4.980000000000035,0,1,5.222697834872093,5.222697834872093,46.125000000000064
4.981000000000035,0,1,5.222998081540624,5.222998081540624,46.125000000000064
4.982000000000036,0,1,5.223298285432207,5.223298285432207,46.125000000000064
4.983000000000036,0,1,5.223598446523269,5.223598446523269,46.125000000000064
4.984000000000036,0,1,5.223898564790204,5.223898564790204,46.125000000000064
4.985000000000037,0,1,5.224198640209494,5.224198640209494,46.125000000000064
4.986000000000037,0,1,5.22449867275769,5.22449867275769,46.125000000000064
4.987000000000037,0,1,5.224798662411359,5.224798662411359,46.125000000000064
4.988000000000038,0,1,5.225098609146983,5.225098609146983,46.125000000000064
4.989000000000038,0,1,5.225398512941467,5.225398512941467,46.125000000000064
4.990000000000038,0,1,5.22569837377138,5.22569837377138,46.125000000000064
4.991000000000039,0,1,5.225998191613542,5.225998191613542,46.125000000000064
4.992000000000039,0,1,5.226297966444719,5.226297966444719,46.125000000000064
4.993000000000039,0,1,5.226597698241818,5.226597698241818,46.125000000000064
4.99400000000004,0,1,5.226897386981648,5.226897386981648,46.125000000000064
4.99500000000004,0,1,5.2271970326412145,5.2271970326412145,46.125000000000064
4.99600000000004,0,1,5.227496635197582,5.227496635197582,46.125000000000064
4.997000000000041,0,1,5.133990720249557,5.133990720249557,46.125000000000064
4.998000000000041,0,1,5.134207595469746,5.134207595469746,46.125000000000064
4.999000000000041,0,1,5.134424443587378,5.134424443587378,46.125000000000064
5,0,1,5.134641264594066,5.134641264594066,46.125000000000064
