alpha,reached,redSubsteps,margin123
2,2.0000000000000027,123,4.639909191881273
2.01,2.0100000000000278,123,4.6416101449363225
2.0199999999999996,2.020000000000002,123,4.643886967767344
2.0299999999999994,2.0299999999999754,123,4.646163170325593
2.039999999999999,2.040000000000026,123,4.648438757275187
2.049999999999999,2.05,123,4.650767357184961
2.0599999999999987,2.059999999999974,123,4.653369611554439
2.0699999999999985,2.070000000000024,123,4.655971873347227
2.0799999999999983,2.079999999999998,123,4.6585741494727415
2.089999999999998,2.089999999999972,123,4.661176446924117
2.099999999999998,2.100000000000022,123,4.6637787727799065
2.1099999999999977,2.109999999999996,123,4.666383509906069
2.1199999999999974,2.11999999999997,123,4.668994112413003
2.1299999999999972,2.1300000000000203,123,4.671604703955552
2.139999999999997,2.139999999999994,123,4.670385994756444
2.149999999999997,2.149999999999968,123,4.672997048321605
2.1599999999999966,2.1600000000000183,123,4.67560816867767
2.1699999999999964,2.1699999999999924,123,4.67786697350607
2.179999999999996,2.1799999999999664,123,4.680076638337894
2.189999999999996,2.1900000000000164,123,4.6822850287480975
2.1999999999999957,2.1999999999999904,123,4.684493410767743
2.2099999999999955,2.2099999999999644,123,4.6867018859850305
2.2199999999999953,2.2200000000000144,123,4.683479237356863
2.229999999999995,2.2299999999999884,123,4.68570701374378
2.239999999999995,2.2399999999999625,123,4.687935036281019
2.2499999999999947,2.250000000000013,123,4.690163315293688
2.2599999999999945,2.2599999999999865,123,4.692648601845534
2.2699999999999942,2.2699999999999605,123,4.695208016848198
2.279999999999994,2.280000000000011,123,4.697758534254888
2.289999999999994,2.289999999999985,123,4.70030413395763
2.2999999999999936,2.2999999999999585,123,4.702849826900973
2.3099999999999934,2.310000000000009,123,4.7053987277283795
2.319999999999993,2.319999999999983,123,4.707951731092564
2.329999999999993,2.329999999999957,123,4.710504798301173
2.3399999999999928,2.340000000000007,123,4.713057938059251
2.3499999999999925,2.349999999999981,123,4.715620139118002
2.3599999999999923,2.359999999999955,123,4.71819069438456
2.369999999999992,2.3700000000000054,123,4.720539674356431
2.379999999999992,2.379999999999979,123,4.722679621112434
2.3899999999999917,2.3900000000000294,123,4.724819384024684
2.3999999999999915,2.4000000000000035,123,4.726958981679246
2.4099999999999913,2.410000000000003,123,4.728505266101578
2.419999999999991,2.419999999999964,123,4.730639041128001
2.429999999999991,2.4300000000000144,123,4.732903922042894
2.4399999999999906,2.4399999999999755,123,4.735384569311492
2.4499999999999904,2.450000000000026,123,4.737878908711465
2.45999999999999,2.459999999999987,123,4.74037211113999
2.46999999999999,2.4699999999999482,123,4.742860968407328
2.4799999999999898,2.479999999999998,123,4.745346411537625
2.4899999999999896,2.48999999999996,123,4.7478302858098544
2.4999999999999893,2.5000000000000098,123,4.750312056891289
2.509999999999989,2.509999999999971,123,4.752791650687371
2.519999999999989,2.5200000000000213,123,4.7552697593425535
2.5299999999999887,2.5299999999999825,123,4.7577464091263835
2.5399999999999885,2.5399999999999436,123,4.760219917426028
2.5499999999999883,2.549999999999994,123,4.759014384937984
2.559999999999988,2.559999999999955,123,4.76149976199693
2.569999999999988,2.570000000000005,123,4.763732439808578
2.5799999999999876,2.5799999999999668,123,4.765760335932285
2.5899999999999874,2.590000000000017,123,4.767783933913293
2.599999999999987,2.5999999999999783,123,4.769805366306045
2.609999999999987,2.6100000000000287,123,4.771825714409985
2.619999999999987,2.61999999999999,123,4.7738785137480875
2.6299999999999866,2.6299999999999506,123,4.776280619894919
2.6399999999999864,2.640000000000001,123,4.778659006401668
2.649999999999986,2.6499999999999626,123,4.781035413739488
2.659999999999986,2.6600000000000126,123,4.783409967191986
2.6699999999999857,2.669999999999974,123,4.78578272168005
2.6799999999999855,2.6800000000000246,123,4.788153731964869
2.6899999999999853,2.6899999999999853,123,4.790523052655502
2.699999999999985,2.6999999999999464,123,4.792899479689964
2.709999999999985,2.7099999999999964,123,4.7952809114309645
2.7199999999999847,2.719999999999958,123,4.7896463412498775
2.7299999999999844,2.7300000000000084,123,4.792088290343543
2.7399999999999842,2.73999999999997,123,4.7945256681233275
2.749999999999984,2.75000000000002,123,4.796956657251769
2.759999999999984,2.759999999999981,123,4.799385370431068
2.7699999999999836,2.769999999999942,123,4.801811220430409
2.7799999999999834,2.7799999999999923,123,4.804029841634431
2.789999999999983,2.789999999999954,123,4.8059842347419135
2.799999999999983,2.800000000000004,123,4.807938212924
2.8099999999999827,2.809999999999978,123,4.809287362270922
2.8199999999999825,2.8200000000000283,123,4.813499262909048
2.8299999999999823,2.8299999999999765,123,4.815800345878046
2.839999999999982,2.840000000000027,123,4.8181125263318165
2.849999999999982,2.849999999999975,123,4.812677424277055
2.8599999999999817,2.8600000000000256,123,4.815027700213335
2.8699999999999815,2.8699999999999743,123,4.8173758500616515
2.8799999999999812,2.8800000000000243,123,4.81972192882786
2.889999999999981,2.889999999999973,123,4.822065991339542
2.899999999999981,2.900000000000023,123,4.824409796210958
2.9099999999999806,2.9099999999999717,123,4.826752642624172
2.9199999999999804,2.920000000000022,123,4.829085222342826
2.92999999999998,2.9299999999999704,123,4.831409561507201
2.93999999999998,2.940000000000021,123,4.833731270784696
2.9499999999999797,2.949999999999969,123,4.832722993681074
2.9599999999999795,2.9600000000000195,123,4.835067044717206
2.9699999999999793,2.9699999999999678,123,4.837396219851669
2.979999999999979,2.980000000000018,123,4.839726247366443
2.989999999999979,2.989999999999967,123,4.842003076688087
2.9999999999999787,3.000000000000017,123,4.843850434374147
3.0099999999999785,3.009999999999991,123,4.845665459419521
3.0199999999999783,3.0199999999999902,123,4.847479549127499
3.029999999999978,3.0299999999999896,123,4.849292775202841
3.039999999999978,3.039999999999989,123,4.8513485110846375
3.0499999999999776,3.0499999999999883,123,4.853528587689183
3.0599999999999774,3.0599999999999876,123,4.855757267858209
3.069999999999977,3.069999999999987,123,4.857985856477413
3.079999999999977,3.0799999999999996,123,4.860212599114945
3.0899999999999768,3.089999999999999,123,4.862437499781578
3.0999999999999766,3.0999999999999983,123,4.864660634553957
3.1099999999999763,3.1099999999999977,123,4.866882079029963
3.119999999999976,3.119999999999997,123,4.869101908341506
3.129999999999976,3.1299999999999963,123,4.871322867168374
3.1399999999999757,3.1399999999999957,123,4.873544573366118
3.1499999999999755,3.149999999999995,123,4.875764234035543
3.1599999999999753,3.1599999999999944,123,4.877981720648364
3.169999999999975,3.169999999999994,123,4.880205661624771
3.179999999999975,3.1799999999999935,123,4.882436766230001
3.1899999999999746,3.189999999999993,123,4.884307764937759
3.1999999999999744,3.199999999999992,123,4.886085883224936
3.209999999999974,3.2099999999999915,123,4.888128997311142
3.219999999999974,3.219999999999991,123,4.890171029351293
3.229999999999974,3.22999999999999,123,4.892212041883539
3.2399999999999736,3.2399999999999896,123,4.894252096962532
3.2499999999999734,3.249999999999989,123,4.896291256176056
3.259999999999973,3.2599999999999882,123,4.898321874357251
3.269999999999973,3.2699999999999876,123,4.900348136718549
3.2799999999999727,3.279999999999987,123,4.9024486845880375
3.2899999999999725,3.2899999999999863,123,4.904550989301626
3.2999999999999723,3.299999999999986,123,4.906647225437922
3.309999999999972,3.3099999999999854,123,4.908742367935773
3.319999999999972,3.3199999999999847,123,4.9108364847734975
3.3299999999999716,3.329999999999984,123,4.912929643551166
3.3399999999999714,3.3399999999999834,123,4.912109658236815
3.3499999999999712,3.3499999999999828,123,4.914214857586828
3.359999999999971,3.359999999999982,123,4.916326504028049
3.369999999999971,3.369999999999994,123,4.918445135245477
3.3799999999999706,3.3799999999999932,123,4.9207529548252325
3.3899999999999704,3.3899999999999926,123,4.922988438895956
3.39999999999997,3.399999999999992,123,4.9249108279322655
3.40999999999997,3.4099999999999913,123,4.926491288190192
3.4199999999999697,3.419999999999991,123,4.928394813725134
3.4299999999999695,3.4299999999999904,123,4.930297214124579
3.4399999999999693,3.4399999999999897,123,4.932194317123205
3.449999999999969,3.449999999999989,123,4.929841088358913
3.459999999999969,3.4599999999999884,123,4.9317760168219
3.4699999999999687,3.4699999999999878,123,4.933728576460624
3.4799999999999685,3.479999999999987,123,4.935680124732016
3.4899999999999682,3.4899999999999864,123,4.937630716459637
3.499999999999968,3.499999999999986,123,4.939580406096766
3.509999999999968,3.509999999999985,123,4.941535137646355
3.5199999999999676,3.5199999999999845,123,4.943571278775394
3.5299999999999674,3.529999999999984,123,4.9456061967922835
3.539999999999967,3.539999999999983,123,4.947639449644868
3.549999999999967,3.549999999999983,123,4.949673927660115
3.5599999999999667,3.5599999999999823,123,4.951815961951965
3.5699999999999665,3.5699999999999816,123,4.954207497691371
3.5799999999999663,3.579999999999981,123,4.956598123262296
3.589999999999966,3.5899999999999803,123,4.958986896162102
3.599999999999966,3.5999999999999797,123,4.960981787863986
3.6099999999999657,3.609999999999979,123,4.962779543909505
3.6199999999999655,3.6199999999999783,123,4.964576790578377
3.6299999999999653,3.6299999999999777,123,4.966373592750344
3.639999999999965,3.639999999999977,123,4.968170015146683
3.649999999999965,3.6499999999999764,123,4.969965590395276
3.6599999999999646,3.6599999999999757,123,4.966255397297303
3.6699999999999644,3.6699999999999755,123,4.968086756774568
3.679999999999964,3.679999999999975,123,4.969925249181983
3.689999999999964,3.689999999999974,123,4.971767755174213
3.6999999999999638,3.6999999999999735,123,4.973609481632238
3.7099999999999635,3.709999999999973,123,4.975450629022262
3.7199999999999633,3.719999999999972,123,4.980035497602472
3.729999999999963,3.7299999999999716,123,4.976433546498271
3.739999999999963,3.739999999999971,123,4.978320456271504
3.7499999999999627,3.7499999999999702,123,4.9802222017329
3.7599999999999625,3.7599999999999696,123,4.982194482068778
3.7699999999999623,3.769999999999969,123,4.984426320502706
3.779999999999962,3.7799999999999683,123,4.986783723941798
3.789999999999962,3.7899999999999676,123,4.98914014369042
3.7999999999999616,3.7999999999999674,123,4.991495624425227
3.8099999999999614,3.8099999999999667,123,4.993380950571975
3.819999999999961,3.8199999999999785,123,4.9954842819733045
3.829999999999961,3.8299999999999907,123,4.997238087917907
3.839999999999961,3.8399999999999648,123,4.998992134150484
3.8499999999999606,3.8499999999999766,123,5.000745349089499
3.8599999999999604,3.8599999999999888,123,5.002497795079847
3.86999999999996,3.869999999999963,123,5.00424953429544
3.87999999999996,3.8799999999999746,123,5.006000628755274
3.8899999999999597,3.8899999999999872,123,5.007751140340403
3.8999999999999595,3.899999999999961,123,5.009501130809468
3.9099999999999593,3.9099999999999726,123,5.011250521465527
3.919999999999959,3.9199999999999853,123,5.012998909912213
3.929999999999959,3.9299999999999593,123,5.014739441241744
3.9399999999999586,3.939999999999971,123,5.0164774203325635
3.9499999999999584,3.9499999999999833,123,5.018494043847596
3.959999999999958,3.9599999999999573,123,5.020760390414182
3.969999999999958,3.969999999999969,123,5.023026433820803
3.979999999999958,3.9799999999999813,123,5.025292223887121
3.9899999999999576,3.9899999999999554,123,5.023233579559459
3.9999999999999574,3.999999999999967,123,5.0255162411457945
4.009999999999957,4.009999999999979,123,5.027800983351767
4.019999999999957,4.019999999999992,123,5.030097973883656
4.029999999999957,4.029999999999966,123,5.032097547971944
4.0399999999999565,4.039999999999978,123,5.033764165365824
4.049999999999956,4.04999999999999,123,5.03543004146924
4.059999999999956,4.059999999999963,123,5.037095233974171
4.069999999999956,4.069999999999975,123,5.038759800405543
4.079999999999956,4.0799999999999885,123,5.040423798136601
4.0899999999999554,4.089999999999962,123,5.039595789314376
4.099999999999955,4.099999999999974,123,5.041271407188191
4.109999999999955,4.109999999999986,123,5.042946559191307
4.119999999999955,4.11999999999996,123,5.044621302926643
4.129999999999955,4.129999999999972,123,5.046295695906338
4.139999999999954,4.139999999999985,123,5.047969795567454
4.149999999999954,4.149999999999958,123,5.049643659286573
4.159999999999954,4.15999999999997,123,5.051521576691897
4.169999999999954,4.169999999999983,123,5.053731919007575
4.1799999999999535,4.179999999999956,123,5.0559418768247895
4.189999999999953,4.189999999999968,123,5.058151498436928
4.199999999999953,4.199999999999981,123,5.0603608321977305
4.209999999999953,4.209999999999993,123,5.06204499619146
4.219999999999953,4.219999999999992,123,5.064244714970997
4.2299999999999525,4.2299999999999915,123,5.066444202499312
4.239999999999952,4.23999999999999,123,5.068119751486577
4.249999999999952,4.24999999999999,123,5.069703590873033
4.259999999999952,4.259999999999989,123,5.071280356209371
4.269999999999952,4.269999999999989,123,5.072853244081642
4.279999999999951,4.279999999999988,123,5.0744255815109796
4.289999999999951,4.289999999999988,123,5.075997350849121
4.299999999999951,4.299999999999987,123,5.0775557162501315
4.309999999999951,4.309999999999986,123,5.079112056939579
4.3199999999999505,4.319999999999986,123,5.0806685672635865
4.32999999999995,4.329999999999985,123,5.082225297915741
4.33999999999995,4.339999999999985,123,5.083783312896898
4.34999999999995,4.349999999999984,123,5.08554866515199
4.35999999999995,4.3599999999999834,123,5.087658242850139
4.3699999999999495,4.369999999999982,123,5.089767719857207
4.379999999999949,4.379999999999982,123,5.091877141314384
4.389999999999949,4.389999999999981,123,5.088964666075327
4.399999999999949,4.399999999999981,123,5.091116898101873
4.409999999999949,4.40999999999998,123,5.093260848971028
4.419999999999948,4.4199999999999795,123,5.095393780192239
4.429999999999948,4.429999999999979,123,5.097526520800287
4.439999999999948,4.439999999999978,123,5.099659115767835
4.449999999999948,4.449999999999978,123,5.101662171506476
4.459999999999948,4.459999999999977,123,5.100913580810854
4.469999999999947,4.469999999999977,123,5.102437277385945
4.479999999999947,4.479999999999976,123,5.103960648389275
4.489999999999947,4.489999999999975,123,5.105483742731707
4.499999999999947,4.499999999999974,123,5.107006609211226
4.5099999999999465,4.509999999999974,123,5.108529296524139
4.519999999999946,4.519999999999973,123,5.110051853278833
4.529999999999946,4.529999999999973,123,5.111574328007549
4.539999999999946,4.5399999999999725,123,5.113097518464599
4.549999999999946,4.549999999999971,123,5.1146214904731835
4.559999999999945,4.559999999999971,123,5.116926491920211
4.569999999999945,4.56999999999997,123,5.118958260931635
4.579999999999945,4.57999999999997,123,5.116147569902537
4.589999999999945,4.589999999999969,123,5.118216144249288
4.599999999999945,4.599999999999969,123,5.120289632450451
4.609999999999944,4.609999999999955,123,5.1218023670499235
4.619999999999944,4.619999999999992,123,5.1238682947882666
4.629999999999944,4.629999999999966,123,5.125934163204818
4.639999999999944,4.63999999999994,123,5.127999693172981
4.6499999999999435,4.649999999999977,123,5.1300656629885
4.659999999999943,4.659999999999952,123,5.132132631263659
4.669999999999943,4.669999999999989,123,5.134099042507643
4.679999999999943,4.679999999999963,123,5.135566039106678
4.689999999999943,4.689999999999937,123,5.13703343587882
4.6999999999999424,4.699999999999974,123,5.138501286363095
4.709999999999942,4.709999999999949,123,5.1399696441535525
4.719999999999942,4.719999999999986,123,5.141438562914615
4.729999999999942,4.7299999999999605,123,5.14290809639607
4.739999999999942,4.7399999999999345,123,5.144378298448544
4.749999999999941,4.749999999999972,123,5.14583957956917
4.759999999999941,4.759999999999946,123,5.147296477755916
4.769999999999941,4.769999999999984,123,5.14875284010229
4.779999999999941,4.779999999999957,123,5.150636173105255
4.7899999999999405,4.789999999999931,123,5.152644272315214
4.79999999999994,4.799999999999969,123,5.154652279165305
4.80999999999994,4.809999999999943,123,5.1566602359630025
4.81999999999994,4.81999999999998,123,5.156090040982946
4.82999999999994,4.829999999999954,123,5.15808820213104
4.8399999999999395,4.839999999999928,123,5.160086236782419
4.849999999999939,4.849999999999965,123,5.162084186911741
4.859999999999939,4.85999999999994,123,5.1640820945657
4.869999999999939,4.869999999999977,123,5.1660800018694175
4.879999999999939,4.879999999999951,123,5.167885549916761
4.889999999999938,4.889999999999925,123,5.169263808092964
4.899999999999938,4.899999999999962,123,5.170642536722099
4.909999999999938,4.909999999999936,123,5.172019522237903
4.919999999999938,4.919999999999974,123,5.173391225139213
4.9299999999999375,4.929999999999948,123,5.174763632376838
4.939999999999937,4.939999999999985,123,5.1761367925437725
4.949999999999937,4.949999999999959,123,5.177510754337305
4.959999999999937,4.959999999999933,123,5.178885566573101
4.969999999999937,4.96999999999997,123,5.180261278198657
4.9799999999999365,4.9799999999999445,123,5.181934669191662
4.989999999999936,4.9899999999999824,123,5.1838431130269385
4.999999999999936,4.999999999999956,123,5.185762046965337
5.009999999999936,5.009999999999969,123,5.187097190298289
5.019999999999936,5.019999999999942,123,5.189011106503997
5.029999999999935,5.029999999999916,123,5.190925218675076
5.039999999999935,5.039999999999966,123,5.192839567403965
5.049999999999935,5.04999999999994,123,5.194754193374948
5.059999999999935,5.059999999999914,123,5.1934738404065115
5.069999999999935,5.069999999999965,123,5.195418687095781
5.079999999999934,5.079999999999939,123,5.197363727491236
5.089999999999934,5.089999999999988,123,5.199293091760296
5.099999999999934,5.099999999999963,123,5.200670801245138
5.109999999999934,5.109999999999936,123,5.201976896678403
5.1199999999999335,5.119999999999987,123,5.203280648088693
5.129999999999933,5.12999999999996,123,5.2045853297924225
5.139999999999933,5.139999999999935,123,5.205890987631079
5.149999999999933,5.149999999999985,123,5.2071976675622835
5.159999999999933,5.159999999999959,123,5.2085054156726756
5.169999999999932,5.169999999999933,123,5.208041751834884
5.179999999999932,5.179999999999983,123,5.209360458837338
5.189999999999932,5.189999999999957,123,5.210680328585852
5.199999999999932,5.199999999999931,123,5.212432215445588
5.209999999999932,5.209999999999981,123,5.214289024447297
5.219999999999931,5.219999999999955,123,5.216139861803583
5.229999999999931,5.229999999999929,123,5.217990452016977
5.239999999999931,5.23999999999998,123,5.219832274366084
5.249999999999931,5.249999999999953,123,5.217791990406198
5.2599999999999305,5.259999999999927,123,5.219669532956672
5.26999999999993,5.269999999999977,123,5.221547256311808
5.27999999999993,5.279999999999952,123,5.223425199062291
5.28999999999993,5.289999999999925,123,5.225303399891345
5.29999999999993,5.299999999999976,123,5.227181520116673
5.309999999999929,5.309999999999949,123,5.229061000028764
5.319999999999929,5.319999999999924,123,5.230835666223243
5.329999999999929,5.329999999999973,123,5.232104675930046
5.339999999999929,5.339999999999948,123,5.233374626312113
5.349999999999929,5.3499999999999215,123,5.234644946125101
5.359999999999928,5.359999999999972,123,5.235916297782111
5.369999999999928,5.369999999999945,123,5.237188714482031
5.379999999999928,5.37999999999992,123,5.238461154578971
5.389999999999928,5.38999999999997,123,5.239731807985237
5.3999999999999275,5.399999999999944,123,5.241003462209889
5.409999999999927,5.40999999999993,123,5.241880910261358
5.419999999999927,5.41999999999998,123,5.243705386295716
5.429999999999927,5.429999999999942,123,5.245529971299902
5.439999999999927,5.439999999999904,123,5.2473547035468044
5.4499999999999265,5.449999999999954,123,5.2491796213935515
5.459999999999926,5.459999999999915,123,5.25100476328744
5.469999999999926,5.469999999999965,123,5.252830167772615
5.479999999999926,5.479999999999926,123,5.254655873495167
5.489999999999926,5.489999999999976,123,5.256324609636366
5.499999999999925,5.499999999999939,123,5.257743699449193
5.509999999999925,5.509999999999899,123,5.259159901043901
5.519999999999925,5.51999999999995,123,5.259103451667343
5.529999999999925,5.5299999999999105,123,5.26053377416585
5.5399999999999245,5.539999999999961,123,5.261965691276529
5.549999999999924,5.549999999999922,123,5.263398804016063
5.559999999999924,5.559999999999972,123,5.264827889261383
5.569999999999924,5.569999999999933,123,5.266253792472071
5.579999999999924,5.579999999999983,123,5.267662974430948
5.5899999999999235,5.589999999999945,123,5.26640143779008
5.599999999999923,5.599999999999906,123,5.267600839080586
5.609999999999923,5.609999999999957,123,5.268801424690821
5.619999999999923,5.6199999999999175,123,5.2700032244502495
5.629999999999923,5.629999999999968,123,5.271451262538918
5.639999999999922,5.6399999999999295,123,5.273215580847989
5.649999999999922,5.64999999999998,123,5.274979565299859
5.659999999999922,5.659999999999941,123,5.276744385134961
5.669999999999922,5.669999999999901,123,5.278202810290736
5.679999999999922,5.679999999999952,123,5.279566869366818
5.689999999999921,5.689999999999913,123,5.2809319804130155
5.699999999999921,5.699999999999963,123,5.282298561171359
5.709999999999921,5.7099999999999245,123,5.283666732061064
5.719999999999921,5.719999999999975,123,5.285031585399366
5.7299999999999205,5.7299999999999365,123,5.286393057010002
5.73999999999992,5.739999999999897,123,5.287756341593948
5.74999999999992,5.749999999999948,123,5.289121458880061
5.75999999999992,5.759999999999908,123,5.290810697129771
5.76999999999992,5.769999999999959,123,5.2925790277801354
5.779999999999919,5.779999999999921,123,5.294347961958181
5.789999999999919,5.789999999999972,123,5.296117517078116
5.799999999999919,5.799999999999932,123,5.297887710539982
5.809999999999919,5.809999999999893,123,5.2955917547786555
5.819999999999919,5.819999999999943,123,5.297382001541905
5.829999999999918,5.829999999999892,123,5.29907770897681
5.839999999999918,5.839999999999942,123,5.300388459306063
5.849999999999918,5.84999999999989,123,5.301700972873874
5.859999999999918,5.859999999999941,123,5.304017103172143
5.8699999999999175,5.869999999999889,123,5.30539680734752
5.879999999999917,5.8799999999999395,123,5.304258383793879
5.889999999999917,5.889999999999888,123,5.305560602020137
5.899999999999917,5.899999999999938,123,5.306864524169313
5.909999999999917,5.9099999999998865,123,5.308170174596583
5.919999999999916,5.919999999999937,123,5.308586770633994
5.929999999999916,5.929999999999886,123,5.310088883162493
5.939999999999916,5.9399999999999356,123,5.31178989430434
5.949999999999916,5.949999999999885,123,5.313502442558814
5.959999999999916,5.959999999999934,123,5.3152153181373905
5.969999999999915,5.969999999999883,123,5.316928533503699
5.979999999999915,5.979999999999934,123,5.318642101109745
5.989999999999915,5.989999999999882,123,5.320356033396891
5.999999999999915,5.9999999999999325,123,5.3220703427960245
6.0099999999999145,6.009999999999944,123,5.323747983256794
6.019999999999914,6.019999999999944,123,5.3254264330439725
6.029999999999914,6.029999999999957,123,5.326801891627383
6.039999999999914,6.039999999999955,123,5.325779818564456
6.049999999999914,6.049999999999955,123,5.327078093938113
6.0599999999999135,6.059999999999953,123,5.328378609468658
6.069999999999913,6.069999999999954,123,5.329681391259655
6.079999999999913,6.079999999999952,123,5.33098646547036
6.089999999999913,6.089999999999953,123,5.332293858321677
6.099999999999913,6.099999999999951,123,5.333603596102591
6.109999999999912,6.1099999999999515,123,5.334915705176542
6.119999999999912,6.1199999999999495,123,5.3362302119875835
6.129999999999912,6.12999999999995,123,5.337547143066928
6.139999999999912,6.139999999999948,123,5.338862367180155
6.1499999999999115,6.149999999999949,123,5.340176998858965
6.159999999999911,6.159999999999947,123,5.341494194574608
6.169999999999911,6.1699999999999475,123,5.343116983812195
6.179999999999911,6.1799999999999455,123,5.345024289293562
6.189999999999911,6.189999999999946,123,5.346932679461361
6.1999999999999105,6.199999999999944,123,5.346595057986605
6.20999999999991,6.209999999999945,123,5.348511661034266
6.21999999999991,6.219999999999943,123,5.350429391557
6.22999999999991,6.229999999999944,123,5.352348271311726
6.23999999999991,6.2399999999999425,123,5.3540836016897515
6.249999999999909,6.249999999999942,123,5.355722000833779
6.259999999999909,6.259999999999941,123,5.3573620738256835
6.269999999999909,6.269999999999941,123,5.358991949110774
6.279999999999909,6.27999999999994,123,5.360623415184321
6.2899999999999086,6.2899999999999405,123,5.362256480391622
6.299999999999908,6.2999999999999385,123,5.363891153099118
6.309999999999908,6.309999999999939,123,5.365527441695221
6.319999999999908,6.319999999999937,123,5.365200825543212
6.329999999999908,6.329999999999938,123,5.366613293566587
6.3399999999999075,6.339999999999936,123,5.368027139228644
6.349999999999907,6.349999999999937,123,5.369442305226642
6.359999999999907,6.359999999999948,123,5.37085812091658
6.369999999999907,6.369999999999948,123,5.372275367376474
6.379999999999907,6.379999999999947,123,5.373694061647157
6.389999999999906,6.389999999999946,123,5.37511422087411
6.399999999999906,6.399999999999945,123,5.3765358623103765
6.409999999999906,6.409999999999933,123,5.377617636357684
6.419999999999906,6.419999999999931,123,5.379025171883697
6.429999999999906,6.429999999999931,123,5.380520844943689
6.439999999999905,6.439999999999929,123,5.3820870445697295
6.449999999999905,6.44999999999993,123,5.383651065675494
6.459999999999905,6.459999999999928,123,5.385211871043964
6.469999999999905,6.469999999999929,123,5.386774102399812
6.4799999999999045,6.479999999999928,123,5.385863577097652
6.489999999999904,6.489999999999927,123,5.387436974371994
6.499999999999904,6.499999999999952,123,5.389011803418455
6.509999999999904,6.509999999999951,123,5.390589183033001
6.519999999999904,6.519999999999951,123,5.392177286424499
6.529999999999903,6.5299999999999505,123,5.394314975943004
6.539999999999903,6.539999999999949,123,5.393452922854991
6.549999999999903,6.549999999999949,123,5.3950353716431465
6.559999999999903,6.559999999999948,123,5.396622255436299
6.569999999999903,6.569999999999948,123,5.39821636881608
6.579999999999902,6.579999999999947,123,5.3998118803629325
6.589999999999902,6.589999999999947,123,5.401511737896797
6.599999999999902,6.5999999999999455,123,5.403564677055485
6.609999999999902,6.609999999999945,123,5.405616548265655
6.6199999999999015,6.619999999999944,123,5.407667721232841
6.629999999999901,6.629999999999944,123,5.409719434511274
6.639999999999901,6.639999999999943,123,5.4116216206443255
6.649999999999901,6.649999999999943,123,5.413313071647607
6.659999999999901,6.659999999999942,123,5.415005209611223
6.6699999999999005,6.669999999999941,123,5.416698041472799
6.6799999999999,6.679999999999941,123,5.418374457443505
6.6899999999999,6.68999999999994,123,5.420048624127446
6.6999999999999,6.69999999999994,123,5.421723524876938
6.7099999999999,6.709999999999939,123,5.423400153986748
6.719999999999899,6.7199999999999385,123,5.425077263377986
6.729999999999899,6.729999999999937,123,5.426754858737809
6.739999999999899,6.739999999999937,123,5.428432945867399
6.749999999999899,6.749999999999936,123,5.428425797172906
6.7599999999998985,6.759999999999936,123,5.430487373057929
6.769999999999898,6.769999999999935,123,5.432817459731197
6.779999999999898,6.7799999999999345,123,5.435147595433804
6.789999999999898,6.789999999999934,123,5.437477780589518
6.799999999999898,6.799999999999933,123,5.437968925970253
6.8099999999998975,6.809999999999945,123,5.439706450373706
6.819999999999897,6.8199999999999195,123,5.4419020990305285
6.829999999999897,6.829999999999932,123,5.443989072134087
6.839999999999897,6.839999999999943,123,5.445820247965003
6.849999999999897,6.849999999999918,123,5.444213134724535
6.859999999999896,6.859999999999929,123,5.4460342389660354
6.869999999999896,6.8699999999999415,123,5.44787100140762
6.879999999999896,6.8799999999999155,123,5.4497076445173604
6.889999999999896,6.889999999999928,123,5.451544171230893
6.8999999999998956,6.899999999999939,123,5.453380584585972
6.909999999999895,6.909999999999914,123,5.455216887723594
6.919999999999895,6.919999999999926,123,5.457053083889718
6.929999999999895,6.9299999999999375,123,5.458889176436244
6.939999999999895,6.9399999999999125,123,5.460725168823259
6.9499999999998945,6.949999999999924,123,5.462561064619877
6.959999999999894,6.959999999999936,123,5.464396867506011
6.969999999999894,6.969999999999947,123,5.461644686449517
6.979999999999894,6.979999999999922,123,5.463948408860958
6.989999999999894,6.989999999999934,123,5.466251974844511
6.999999999999893,6.999999999999947,123,5.468552410138344
7.009999999999893,7.00999999999992,123,5.470849472470775
7.019999999999893,7.019999999999932,123,5.473146359242946
7.029999999999893,7.029999999999944,123,5.475443070544586
7.039999999999893,7.039999999999918,123,5.477705585235796
7.049999999999892,7.0499999999999305,123,5.479677342438492
7.059999999999892,7.059999999999943,123,5.481649120029601
7.069999999999892,7.069999999999917,123,5.483610373232281
7.079999999999892,7.079999999999928,123,5.4855693795862095
7.0899999999998915,7.08999999999994,123,5.487528465098279
7.099999999999891,7.099999999999914,123,5.489487629182165
7.109999999999891,7.109999999999927,123,5.491446037456782
7.119999999999891,7.11999999999994,123,5.493417374494754
7.129999999999891,7.129999999999913,123,5.495391964026666
7.13999999999989,7.139999999999924,123,5.497366593222537
7.14999999999989,7.149999999999936,123,5.499341261379001
7.15999999999989,7.159999999999911,123,5.50130836974634
7.16999999999989,7.169999999999923,123,5.503265494726222
7.17999999999989,7.179999999999936,123,5.502169813352779
7.189999999999889,7.189999999999909,123,5.504132208595848
7.199999999999889,7.199999999999921,123,5.506094605416465
7.209999999999889,7.209999999999908,123,5.507541761073853
7.219999999999889,7.219999999999907,123,5.509495404513132
7.2299999999998885,7.229999999999906,123,5.511448969889784
7.239999999999888,7.239999999999906,123,5.513500533424121
7.249999999999888,7.249999999999905,123,5.51540724743063
7.259999999999888,7.259999999999905,123,5.517314011339238
7.269999999999888,7.269999999999904,123,5.5163539806754756
7.2799999999998875,7.279999999999903,123,5.518141559021402
7.289999999999887,7.289999999999903,123,5.519929100631998
7.299999999999887,7.299999999999902,123,5.521716605235582
7.309999999999887,7.309999999999902,123,5.52350407259425
7.319999999999887,7.319999999999901,123,5.525393292503253
7.329999999999886,7.329999999999901,123,5.527296022325615
7.339999999999886,7.3399999999998995,123,5.529198673152948
7.349999999999886,7.349999999999899,123,5.531101244230982
7.359999999999886,7.359999999999898,123,5.533003734835091
7.3699999999998855,7.369999999999898,123,5.534900467389875
7.379999999999885,7.379999999999897,123,5.532792991806829
7.389999999999885,7.389999999999897,123,5.534690555485184
7.399999999999885,7.3999999999998956,123,5.536588100914187
7.409999999999885,7.409999999999895,123,5.538488872257091
7.4199999999998845,7.419999999999946,123,5.540402816781636
7.429999999999884,7.429999999999894,123,5.5423167001915346
7.439999999999884,7.439999999999944,123,5.544548296553259
7.449999999999884,7.449999999999893,123,5.546536707253296
7.459999999999884,7.459999999999943,123,5.548401680857012
7.469999999999883,7.469999999999943,123,5.550266704320194
7.479999999999883,7.479999999999942,123,5.5521317780552835
7.489999999999883,7.489999999999942,123,5.551039451101417
7.499999999999883,7.4999999999999405,123,5.552905327176205
7.5099999999998825,7.50999999999994,123,5.554771242221335
7.519999999999882,7.519999999999939,123,5.55663719662445
7.529999999999882,7.529999999999939,123,5.558503190819238
7.539999999999882,7.539999999999938,123,5.560369225285186
7.549999999999882,7.549999999999938,123,5.562235300548721
7.5599999999998815,7.5599999999999365,123,5.5641014171828544
7.569999999999881,7.569999999999936,123,5.565966721605804
7.579999999999881,7.579999999999935,123,5.567831651799779
7.589999999999881,7.589999999999935,123,5.569696629255915
7.599999999999881,7.599999999999935,123,5.57156165475314
7.60999999999988,7.609999999999908,123,5.572880643818223
7.61999999999988,7.619999999999946,123,5.574738728172406
7.62999999999988,7.62999999999992,123,5.576894900759669
7.63999999999988,7.639999999999893,123,5.579099226914536
7.64999999999988,7.649999999999931,123,5.581085547447898
7.659999999999879,7.659999999999906,123,5.582925131130466
7.669999999999879,7.669999999999942,123,5.584760208062875
7.679999999999879,7.679999999999917,123,5.5865863828931595
7.689999999999879,7.68999999999989,123,5.588412284543409
7.6999999999998785,7.699999999999928,123,5.590237910958251
7.709999999999878,7.709999999999901,123,5.592078255096027
7.719999999999878,7.719999999999939,123,5.593919827987037
7.729999999999878,7.729999999999914,123,5.595761076684781
7.739999999999878,7.739999999999887,123,5.59760199891231
7.749999999999877,7.749999999999925,123,5.59944259241685
7.759999999999877,7.759999999999899,123,5.601275850031314
7.769999999999877,7.7699999999999365,123,5.603108127804234
7.779999999999877,7.7799999999999105,123,5.597172794055382
7.789999999999877,7.789999999999885,123,5.598971305872368
7.799999999999876,7.799999999999922,123,5.601700397418526
7.809999999999876,7.809999999999896,123,5.603496185629652
7.819999999999876,7.819999999999933,123,5.605563177234245
7.829999999999876,7.829999999999908,123,5.607715137016541
7.8399999999998755,7.839999999999881,123,5.6055234515347365
7.849999999999875,7.849999999999919,123,5.607681198521888
7.859999999999875,7.859999999999894,123,5.60975884346098
7.869999999999875,7.86999999999993,123,5.611566847843221
7.879999999999875,7.879999999999905,123,5.613374540196162
7.8899999999998744,7.889999999999942,123,5.615181918458475
7.899999999999874,7.899999999999916,123,5.616988980593291
7.909999999999874,7.909999999999889,123,5.618795724588168
7.919999999999874,7.919999999999927,123,5.620602148456058
7.929999999999874,7.929999999999901,123,5.622408250234159
7.939999999999873,7.939999999999938,123,5.624213166443923
7.949999999999873,7.949999999999912,123,5.626017535204923
7.959999999999873,7.959999999999887,123,5.627821072247102
7.969999999999873,7.969999999999924,123,5.629619381730237
7.9799999999998725,7.979999999999898,123,5.631405264861513
7.989999999999872,7.989999999999936,123,5.633189457719098
7.999999999999872,7.999999999999909,123,5.634986423066451
8.009999999999872,8.00999999999991,123,5.636273935946463
8.019999999999872,8.019999999999884,123,5.63838114683287
8.029999999999871,8.029999999999934,123,5.640487689677769
8.039999999999871,8.039999999999907,123,5.642593561523526
8.049999999999871,8.04999999999988,123,5.644683812180546
8.05999999999987,8.059999999999931,123,5.646434328731885
8.06999999999987,8.069999999999904,123,5.648184513150625
8.07999999999987,8.07999999999988,123,5.649934363320526
8.08999999999987,8.08999999999993,123,5.651683877150688
8.09999999999987,8.099999999999904,123,5.653433052575679
8.10999999999987,8.109999999999877,123,5.6523398629341415
8.11999999999987,8.119999999999926,123,5.654088522221741
8.12999999999987,8.129999999999901,123,5.655824026547421
8.13999999999987,8.139999999999876,123,5.657559161036573
8.149999999999869,8.149999999999926,123,5.659293923494005
8.159999999999869,8.159999999999899,123,5.661028311749007
8.169999999999868,8.169999999999874,123,5.662762323655414
8.179999999999868,8.179999999999923,123,5.66449595709183
8.189999999999868,8.189999999999898,123,5.66622920996123
8.199999999999868,8.199999999999871,123,5.667962080191558
8.209999999999868,8.209999999999923,123,5.670011747952742
8.219999999999867,8.219999999999896,123,5.672061812463568
8.229999999999867,8.229999999999869,123,5.665986664419265
8.239999999999867,8.23999999999992,123,5.668028285403679
8.249999999999867,8.249999999999893,123,5.670081804448486
8.259999999999867,8.259999999999868,123,5.672134617197784
8.269999999999866,8.269999999999918,123,5.673968874293649
8.279999999999866,8.279999999999893,123,5.675653816931742
8.289999999999866,8.289999999999866,123,5.677352144057025
8.299999999999866,8.299999999999915,123,5.679050127765919
8.309999999999865,8.30999999999989,123,5.680747765824293
8.319999999999865,8.319999999999865,123,5.682445056023596
8.329999999999865,8.329999999999915,123,5.684141996181012
8.339999999999865,8.339999999999888,123,5.685838420017859
8.349999999999865,8.34999999999994,123,5.687533426699304
8.359999999999864,8.359999999999912,123,5.689228081354557
8.369999999999864,8.369999999999887,123,5.690922381919123
8.379999999999864,8.379999999999937,123,5.692616326354596
8.389999999999864,8.389999999999912,123,5.694309912648706
8.399999999999864,8.399999999999885,123,5.696120216809305
8.409999999999863,8.409999999999858,123,5.694393666654861
8.419999999999863,8.419999999999908,123,5.696408622967255
8.429999999999863,8.42999999999987,123,5.6984228876218594
8.439999999999863,8.439999999999921,123,5.700435629893221
8.449999999999863,8.449999999999882,123,5.702443400765645
8.459999999999862,8.459999999999932,123,5.704450453797023
8.469999999999862,8.469999999999892,123,5.706322313476022
8.479999999999862,8.479999999999855,123,5.7079668003634225
8.489999999999862,8.489999999999904,123,5.70961091603661
8.499999999999861,8.499999999999867,123,5.711254658507968
8.509999999999861,8.509999999999916,123,5.712898025815775
8.519999999999861,8.519999999999877,123,5.714541016024455
8.52999999999986,8.529999999999928,123,5.716183627224481
8.53999999999986,8.539999999999889,123,5.717825164181988
8.54999999999986,8.549999999999939,123,5.719465941817575
8.55999999999986,8.5599999999999,123,5.721102022654236
8.56999999999986,8.569999999999862,123,5.722742664622018
8.57999999999986,8.579999999999911,123,5.724386090371368
8.58999999999986,8.589999999999872,123,5.726045524772076
8.59999999999986,8.599999999999923,123,5.7280156385916285
8.609999999999859,8.609999999999884,123,5.7259208909422625
8.619999999999859,8.619999999999933,123,5.727878832783659
8.629999999999859,8.629999999999896,123,5.729836062374204
8.639999999999858,8.639999999999857,123,5.73179257668825
8.649999999999858,8.649999999999908,123,5.733748372723937
8.659999999999858,8.659999999999869,123,5.735703447503411
8.669999999999858,8.669999999999918,123,5.737657798072732
8.679999999999858,8.679999999999879,123,5.739311369230506
8.689999999999857,8.68999999999993,123,5.740899353203943
8.699999999999857,8.699999999999891,123,5.742480346183839
8.709999999999857,8.709999999999853,123,5.737534664591109
8.719999999999857,8.719999999999903,123,5.739114212205763
8.729999999999857,8.729999999999864,123,5.740702312778595
8.739999999999856,8.739999999999915,123,5.742293807073125
8.749999999999856,8.749999999999876,123,5.743884912313476
8.759999999999856,8.759999999999925,123,5.745475626481394
8.769999999999856,8.769999999999888,123,5.747065521611788
8.779999999999855,8.779999999999848,123,5.748654269326877
8.789999999999855,8.7899999999999,123,5.750242624782558
8.799999999999855,8.79999999999986,123,5.751899421258045
8.809999999999855,8.80999999999991,123,5.753222475411903
8.819999999999855,8.819999999999858,123,5.755135169986929
8.829999999999854,8.82999999999991,123,5.757046912325578
8.839999999999854,8.839999999999858,123,5.758956927061504
8.849999999999854,8.849999999999907,123,5.760876169870542
8.859999999999854,8.859999999999856,123,5.762789000745201
8.869999999999854,8.869999999999907,123,5.764701114411025
8.879999999999853,8.879999999999855,123,5.766410863551201
8.889999999999853,8.889999999999905,123,5.767952404709433
8.899999999999853,8.899999999999853,123,5.769493578900224
8.909999999999853,8.909999999999904,123,5.771034384074184
8.919999999999852,8.919999999999852,123,5.772574818210003
8.929999999999852,8.929999999999902,123,5.774114879231149
8.939999999999852,8.93999999999985,123,5.775654565144805
8.949999999999852,8.949999999999902,123,5.7771892644540515
8.959999999999852,8.95999999999985,123,5.778723378111096
8.969999999999851,8.9699999999999,123,5.780257092436457
8.979999999999851,8.97999999999985,123,5.77840930402229
8.989999999999851,8.989999999999899,123,5.779950386679516
8.99999999999985,8.999999999999847,123,5.78161933499554
9.00999999999985,9.009999999999897,123,5.784305038346318
9.01999999999985,9.019999999999897,123,5.786146074925682
9.02999999999985,9.029999999999896,123,5.784118241935104
9.03999999999985,9.039999999999896,123,5.785966479952037
9.04999999999985,9.049999999999896,123,5.787814721072934
9.05999999999985,9.059999999999894,123,5.789659206334946
9.06999999999985,9.069999999999894,123,5.791490162039082
9.079999999999849,9.079999999999893,123,5.793321085185852
9.089999999999849,9.089999999999893,123,5.795151973424055
9.099999999999849,9.099999999999904,123,5.796662065839271
9.109999999999848,9.109999999999904,123,5.798122764686681
9.119999999999848,9.119999999999903,123,5.79958370580114
9.129999999999848,9.129999999999903,123,5.8010581297835415
9.139999999999848,9.139999999999901,123,5.802529393150678
9.149999999999848,9.1499999999999,123,5.803992813172073
9.159999999999847,9.1599999999999,123,5.805456548533428
9.169999999999847,9.1699999999999,123,5.806920597882225
9.179999999999847,9.1799999999999,123,5.808384959795006
9.189999999999847,9.189999999999898,123,5.809844256066768
9.199999999999847,9.199999999999898,123,5.811622235043529
9.209999999999846,9.209999999999898,123,5.813418330604435
9.219999999999846,9.219999999999898,123,5.811619838508022
9.229999999999846,9.229999999999896,123,5.813409948349715
9.239999999999846,9.239999999999895,123,5.815200100877931
9.249999999999845,9.249999999999895,123,5.816990293901753
9.259999999999845,9.259999999999895,123,5.818791420251614
9.269999999999845,9.269999999999893,123,5.820593872460407
9.279999999999845,9.279999999999893,123,5.822396310055524
9.289999999999845,9.289999999999893,123,5.82397665199656
9.299999999999844,9.299999999999892,123,5.82279549840338
9.309999999999844,9.309999999999892,123,5.824228229554052
9.319999999999844,9.31999999999989,123,5.825661286928607
9.329999999999844,9.32999999999989,123,5.827094669366673
9.339999999999844,9.33999999999989,123,5.828528375737761
9.349999999999843,9.34999999999989,123,5.829962404941099
9.359999999999843,9.359999999999888,123,5.831396755905544
9.369999999999843,9.369999999999887,123,5.8328314275902216
9.379999999999843,9.379999999999901,123,5.834266418926731
9.389999999999842,9.3899999999999,123,5.835862765715476
9.399999999999842,9.399999999999899,123,5.833921875977467
9.409999999999842,9.409999999999897,123,5.835332600431428
9.419999999999842,9.419999999999899,123,5.837111989009756
9.429999999999842,9.429999999999897,123,5.8388817149504035
9.439999999999841,9.439999999999896,123,5.84064681307197
9.449999999999841,9.449999999999894,123,5.842411494047482
9.459999999999841,9.459999999999896,123,5.844175755130436
9.46999999999984,9.469999999999894,123,5.8459395936025516
9.47999999999984,9.479999999999894,123,5.847703006774097
9.48999999999984,9.489999999999892,123,5.849465092274102
9.49999999999984,9.499999999999893,123,5.851226404645047
9.50999999999984,9.509999999999891,123,5.852683405562246
9.51999999999984,9.519999999999891,123,5.854065966553179
9.52999999999984,9.529999999999891,123,5.855448452654528
9.53999999999984,9.53999999999989,123,5.856830862356645
9.549999999999839,9.549999999999889,123,5.858213194179811
9.559999999999839,9.559999999999889,123,5.859595446675016
9.569999999999839,9.569999999999888,123,5.8609776184231634
9.579999999999838,9.579999999999888,123,5.859805776538195
9.589999999999838,9.589999999999886,123,5.861177073349182
9.599999999999838,9.599999999999888,123,5.862668050397815
9.609999999999838,9.609999999999886,123,5.864383532431376
9.619999999999838,9.619999999999886,123,5.866098583059781
9.629999999999837,9.629999999999884,123,5.86781319978634
9.639999999999837,9.639999999999885,123,5.869527380072441
9.649999999999837,9.649999999999883,123,5.871241121407223
9.659999999999837,9.659999999999883,123,5.872954421307824
9.669999999999837,9.669999999999881,123,5.874670259203697
9.679999999999836,9.679999999999882,123,5.876399796406261
9.689999999999836,9.68999999999988,123,5.878122941492933
9.699999999999836,9.69999999999988,123,5.879844385548438
9.709999999999836,9.709999999999878,123,5.881402186819884
9.719999999999835,9.71999999999988,123,5.879259765020407
9.729999999999835,9.729999999999878,123,5.880579315401036
9.739999999999835,9.739999999999878,123,5.881898824259096
9.749999999999835,9.749999999999876,123,5.880111436949065
9.759999999999835,9.759999999999877,123,5.881450517819999
9.769999999999834,9.769999999999875,123,5.8827895129118986
9.779999999999834,9.779999999999875,123,5.88412842062975
9.789999999999834,9.789999999999875,123,5.885467239409991
9.799999999999834,9.799999999999875,123,5.8869432476323595
9.809999999999834,9.809999999999887,123,5.8881743709807495
9.819999999999833,9.819999999999897,123,5.889849551427304
9.829999999999833,9.829999999999872,123,5.891524112212863
9.839999999999833,9.839999999999884,123,5.8931969638130965
9.849999999999833,9.849999999999897,123,5.894869250563232
9.859999999999832,9.859999999999872,123,5.896540969983008
9.869999999999832,9.869999999999882,123,5.8953242907250285
9.879999999999832,9.879999999999894,123,5.896997047919768
9.889999999999832,9.889999999999867,123,5.898668563612716
9.899999999999832,9.899999999999881,123,5.900338957367339
9.909999999999831,9.909999999999892,123,5.902008765403522
9.919999999999831,9.919999999999867,123,5.903677985198172
9.929999999999831,9.929999999999879,123,5.905158389775849
9.93999999999983,9.939999999999891,123,5.906446959052957
9.94999999999983,9.949999999999864,123,5.907746180048733
9.95999999999983,9.959999999999877,123,5.909045121381368
9.96999999999983,9.969999999999889,123,5.9103437812438955
9.97999999999983,9.979999999999864,123,5.9116411474740715
9.98999999999983,9.989999999999876,123,5.912937764107653
9.99999999999983,9.999999999999886,123,5.91448859834037
10.00999999999983,10.00999999999986,123,5.916126038585219
10.019999999999829,10.019999999999873,123,5.91776293538841
10.029999999999829,10.029999999999886,123,5.919399286045191
10.039999999999829,10.039999999999896,123,5.921035087881336
10.049999999999828,10.049999999999871,123,5.922670338253525
10.059999999999828,10.059999999999883,123,5.924305034370079
10.069999999999828,10.069999999999895,123,5.925939173825398
10.079999999999828,10.079999999999869,123,5.9275727540715195
10.089999999999828,10.08999999999988,123,5.9256541658942155
10.099999999999827,10.099999999999893,123,5.927277473128086
10.109999999999827,10.109999999999868,123,5.92890019092053
10.119999999999827,10.11999999999988,123,5.93052231666509
10.129999999999827,10.12999999999989,123,5.932143847785454
10.139999999999826,10.139999999999866,123,5.933502446627301
10.149999999999826,10.149999999999878,123,5.93230211201228
10.159999999999826,10.15999999999989,123,5.933536194794357
10.169999999999826,10.169999999999863,123,5.931398583884146
10.179999999999826,10.179999999999875,123,5.932626386482738
10.189999999999825,10.189999999999888,123,5.93385399104173
10.199999999999825,10.19999999999986,123,5.935081728718828
10.209999999999825,10.209999999999873,123,5.935989834389574
10.219999999999825,10.219999999999873,123,5.937590530610279
10.229999999999825,10.229999999999874,123,5.93918973151213
10.239999999999824,10.239999999999872,123,5.9407878555931575
10.249999999999824,10.24999999999987,123,5.9423848889714606
10.259999999999824,10.25999999999987,123,5.943980402732649
10.269999999999824,10.269999999999872,123,5.945494286650387
10.279999999999824,10.27999999999987,123,5.946891493026911
10.289999999999823,10.289999999999868,123,5.9482883930907064
10.299999999999823,10.299999999999867,123,5.949678691492878
10.309999999999823,10.309999999999869,123,5.951058269642644
10.319999999999823,10.319999999999867,123,5.952437586204056
10.329999999999822,10.329999999999865,123,5.953816639704968
10.339999999999822,10.339999999999867,123,5.9551954287071
10.349999999999822,10.349999999999866,123,5.956573951805311
10.359999999999822,10.359999999999864,123,5.957952207628395
10.369999999999822,10.369999999999862,123,5.959328344395573
10.379999999999821,10.379999999999864,123,5.960701193896398
10.389999999999821,10.389999999999864,123,5.962073752115344
10.399999999999821,10.399999999999862,123,5.963446017685499
10.40999999999982,10.40999999999986,123,5.964822018977799
10.41999999999982,10.419999999999861,123,5.964012078228791
10.42999999999982,10.429999999999861,123,5.965298939952987
10.43999999999982,10.43999999999986,123,5.966585747955776
10.44999999999982,10.449999999999857,123,5.967991592918622
10.45999999999982,10.459999999999859,123,5.9696291469767
10.46999999999982,10.469999999999859,123,5.9706616029431245
10.47999999999982,10.479999999999857,123,5.968674887772394
10.489999999999819,10.489999999999855,123,5.97013447160775
10.499999999999819,10.499999999999856,123,5.9715727674292225
10.509999999999819,10.509999999999856,123,5.973010641342739
10.519999999999818,10.519999999999854,123,5.974436062403711
10.529999999999818,10.529999999999854,123,5.9758552736681025
10.539999999999818,10.539999999999853,123,5.977273942720856
10.549999999999818,10.549999999999853,123,5.978688747048963
10.559999999999818,10.559999999999851,123,5.980094466851966
10.569999999999817,10.569999999999851,123,5.981499801298895
10.579999999999817,10.57999999999985,123,5.982904747908847
10.589999999999817,10.58999999999985,123,5.98430930423541
10.599999999999817,10.59999999999985,123,5.985713467866873
10.609999999999816,10.60999999999986,123,5.986592814398918
10.619999999999816,10.619999999999898,123,5.988037234423828
10.629999999999816,10.629999999999873,123,5.989519711452729
10.639999999999816,10.639999999999848,123,5.991001596820837
10.649999999999816,10.649999999999883,123,5.992480211395076
10.659999999999815,10.65999999999986,123,5.993954482047599
10.669999999999815,10.669999999999897,123,5.995428107189639
10.679999999999815,10.67999999999987,123,5.996901469913553
10.689999999999815,10.689999999999843,123,5.99514219919412
10.699999999999815,10.699999999999882,123,5.993841842353405
10.709999999999814,10.709999999999855,123,5.995324454951842
10.719999999999814,10.719999999999894,123,5.996806462534579
10.729999999999814,10.729999999999867,123,5.998415836965805
10.739999999999814,10.73999999999984,123,6.000158312647471
10.749999999999813,10.749999999999877,123,6.001899923911282
10.759999999999813,10.759999999999852,123,6.003640667623685
10.769999999999813,10.76999999999989,123,6.005380540791933
10.779999999999813,10.779999999999863,123,6.007119540554029
10.789999999999813,10.78999999999984,123,6.008857663989431
10.799999999999812,10.799999999999876,123,6.010593637945831
10.809999999999812,10.80999999999985,123,6.012328677822509
10.819999999999812,10.819999999999885,123,6.014060830063684
10.829999999999812,10.829999999999862,123,6.015773246006319
10.839999999999812,10.839999999999835,123,6.0174777353997655
10.849999999999811,10.849999999999872,123,6.016503547683655
10.859999999999811,10.859999999999847,123,6.018273068840628
10.869999999999811,10.869999999999884,123,6.020041638578718
10.87999999999981,10.879999999999857,123,6.021809253878942
10.88999999999981,10.88999999999983,123,6.023575911715383
10.89999999999981,10.899999999999869,123,6.025341609096188
10.90999999999981,10.909999999999842,123,6.02710634306321
10.91999999999981,10.919999999999881,123,6.028870110692594
10.92999999999981,10.929999999999856,123,6.030632909094592
10.93999999999981,10.939999999999891,123,6.032397362048556
10.94999999999981,10.949999999999864,123,6.03417973957734
10.959999999999809,10.959999999999841,123,6.035962984731228
10.969999999999809,10.969999999999878,123,6.0322694450914724
10.979999999999809,10.979999999999851,123,6.033905334830109
10.989999999999808,10.98999999999989,123,6.035544797859231
10.999999999999808,10.999999999999863,123,6.037200552920481
11.009999999999808,11.00999999999985,123,6.0383230599744735
11.019999999999808,11.019999999999824,123,6.040217117515695
11.029999999999808,11.029999999999873,123,6.042137106759711
11.039999999999807,11.039999999999846,123,6.044019147919116
11.049999999999807,11.049999999999821,123,6.0459001539747135
11.059999999999807,11.05999999999987,123,6.047765025672433
11.069999999999807,11.069999999999846,123,6.049626945606988
11.079999999999806,11.079999999999819,123,6.051487802939519
11.089999999999806,11.08999999999987,123,6.05334759311593
11.099999999999806,11.099999999999843,123,6.055196741423941
11.109999999999806,11.109999999999818,123,6.057036525667058
11.119999999999806,11.11999999999987,123,6.058875316308004
11.129999999999805,11.129999999999843,123,6.060713108795099
11.139999999999805,11.139999999999892,123,6.062549898613895
11.149999999999805,11.149999999999867,123,6.06438568128732
11.159999999999805,11.15999999999984,123,6.0662204523752905
11.169999999999805,11.16999999999989,123,6.068054207332665
11.179999999999804,11.179999999999863,123,6.069886941874572
11.189999999999804,11.18999999999984,123,6.0717186517360915
11.199999999999804,11.19999999999989,123,6.073869748613916
11.209999999999804,11.209999999999862,123,6.076220239482581
11.219999999999803,11.219999999999835,123,6.078509865025779
11.229999999999803,11.229999999999887,123,6.072961141389811
11.239999999999803,11.239999999999862,123,6.075195346407568
11.249999999999803,11.249999999999835,123,6.077449042435902
11.259999999999803,11.259999999999886,123,6.079710633201088
11.269999999999802,11.26999999999986,123,6.0819708532818595
11.279999999999802,11.279999999999832,123,6.084229696900692
11.289999999999802,11.289999999999882,123,6.086487158447397
11.299999999999802,11.299999999999855,123,6.088743232496128
11.309999999999802,11.309999999999832,123,6.090997913522969
11.319999999999801,11.319999999999881,123,6.0932511960445765
11.329999999999801,11.329999999999854,123,6.095501415604801
11.339999999999801,11.33999999999983,123,6.097749972732814
11.3499999999998,11.349999999999879,123,6.099997117540468
11.3599999999998,11.359999999999854,123,6.102242844734718
11.3699999999998,11.369999999999827,123,6.104478718134928
11.3799999999998,11.379999999999878,123,6.106696918036732
11.3899999999998,11.389999999999851,123,6.108913764214236
11.3999999999998,11.399999999999824,123,6.111129251567434
11.4099999999998,11.409999999999876,123,6.112778841855516
11.4199999999998,11.419999999999837,123,6.114983635105986
11.429999999999799,11.429999999999888,123,6.1171769902916395
11.439999999999799,11.439999999999849,123,6.119369745213106
11.449999999999799,11.44999999999981,123,6.121572630440767
11.459999999999798,11.459999999999859,123,6.123792383061229
11.469999999999798,11.469999999999821,123,6.12601148903758
11.479999999999798,11.479999999999873,123,6.128229942413057
11.489999999999798,11.489999999999831,123,6.130447737416489
11.499999999999797,11.499999999999881,123,6.128012502817626
11.509999999999797,11.509999999999843,123,6.130230709734263
11.519999999999797,11.519999999999806,123,6.132447495199983
11.529999999999797,11.529999999999855,123,6.1346628534393375
11.539999999999797,11.539999999999816,123,6.136876778720534
11.549999999999796,11.549999999999866,123,6.136507708032525
11.559999999999796,11.559999999999828,123,6.138633515338768
11.569999999999796,11.569999999999878,123,6.140757948205362
11.579999999999796,11.579999999999838,123,6.142881000656743
11.589999999999796,11.589999999999888,123,6.145000975639647
11.599999999999795,11.59999999999985,123,6.147119234908374
11.609999999999795,11.609999999999813,123,6.149236098697756
11.619999999999795,11.619999999999862,123,6.151351561244525
11.629999999999795,11.629999999999823,123,6.153465616830545
11.639999999999795,11.639999999999873,123,6.1555664166833
11.649999999999794,11.649999999999835,123,6.1576313400917115
11.659999999999794,11.659999999999885,123,6.159555356235302
11.669999999999794,11.669999999999847,123,6.161479186906931
11.679999999999794,11.679999999999808,123,6.163398153609293
11.689999999999793,11.689999999999857,123,6.165521159789932
11.699999999999793,11.69999999999982,123,6.167657004576171
11.709999999999793,11.70999999999987,123,6.169812436942124
11.719999999999793,11.719999999999832,123,6.171967232979853
11.729999999999793,11.729999999999881,123,6.174121383051343
11.739999999999792,11.739999999999842,123,6.176274892398041
11.749999999999792,11.749999999999805,123,6.178427751410766
11.759999999999792,11.759999999999854,123,6.175921718680229
11.769999999999792,11.769999999999815,123,6.1780794558869445
11.779999999999792,11.779999999999864,123,6.180236545616708
11.789999999999791,11.789999999999827,123,6.182392982593356
11.799999999999791,11.799999999999876,123,6.184545850451258
11.80999999999979,11.809999999999825,123,6.186129422486019
11.81999999999979,11.819999999999876,123,6.188274367463848
11.82999999999979,11.829999999999824,123,6.190418584734942
11.83999999999979,11.839999999999874,123,6.18965970909926
11.84999999999979,11.849999999999822,123,6.20973479177205
11.85999999999979,11.859999999999873,123,6.212013797311215
11.86999999999979,11.869999999999822,123,6.214292365095602
11.87999999999979,11.879999999999871,123,6.216570490334362
11.88999999999979,11.88999999999982,123,6.218848168253388
11.899999999999789,11.89999999999987,123,6.221123546088094
11.909999999999789,11.909999999999819,123,6.223387616765905
11.919999999999789,11.919999999999868,123,6.225520559389409
11.929999999999788,11.929999999999819,123,6.2276489706972455
11.939999999999788,11.939999999999868,123,6.229775541738221
11.949999999999788,11.949999999999816,123,6.231899942745514
11.959999999999788,11.959999999999868,123,6.234024154270671
11.969999999999787,11.969999999999816,123,6.236148174605447
11.979999999999787,11.979999999999865,123,6.238354551579377
11.989999999999787,11.989999999999814,123,6.240575675513099
11.999999999999787,11.999999999999865,123,6.242948045368763
12.009999999999787,12.00999999999985,123,6.245241926976021
12.019999999999786,12.01999999999985,123,6.2478757299794125
12.029999999999786,12.02999999999985,123,6.250510667146955
12.039999999999786,12.039999999999848,123,6.253146738934618
12.049999999999786,12.049999999999848,123,6.255783945807053
12.059999999999786,12.059999999999848,123,6.258437006314736
12.069999999999785,12.069999999999848,123,6.261100676179694
12.079999999999785,12.079999999999846,123,6.263765560841435
12.089999999999785,12.089999999999847,123,6.266431665137247
12.099999999999785,12.099999999999845,123,6.26544141609709
12.109999999999784,12.109999999999845,123,6.26805041068522
12.119999999999784,12.119999999999843,123,6.268593244493459
12.129999999999784,12.129999999999844,123,6.271225486367015
12.139999999999784,12.139999999999842,123,6.273859178571811
12.149999999999784,12.149999999999842,123,6.276494322350771
12.159999999999783,12.159999999999854,123,6.279044886115329
12.169999999999783,12.169999999999842,123,6.277066129292251
12.179999999999783,12.179999999999852,123,6.27953044773102
12.189999999999783,12.189999999999852,123,6.282114141468412
12.199999999999783,12.199999999999852,123,6.2846991190362615
12.209999999999782,12.209999999999852,123,6.287285377941515
12.219999999999782,12.219999999999851,123,6.289872921288207
12.229999999999782,12.22999999999985,123,6.2924617103662825
12.239999999999782,12.23999999999985,123,6.29505086566941
12.249999999999782,12.249999999999849,123,6.2976413263746736
12.259999999999781,12.259999999999849,123,6.300233096122994
12.269999999999781,12.269999999999847,123,6.302825037952871
12.27999999999978,12.279999999999847,123,6.305417825761893
12.28999999999978,12.289999999999848,123,6.308011939502123
12.29999999999978,12.299999999999846,123,6.310603884598052
12.30999999999978,12.309999999999844,123,6.3131939607226
12.31999999999978,12.319999999999844,123,6.315812050093967
12.32999999999978,12.329999999999846,123,6.3156581625971455
12.33999999999978,12.339999999999844,123,6.318369370070442
12.34999999999978,12.349999999999842,123,6.318969012677599
12.35999999999978,12.359999999999841,123,6.321714185876175
12.369999999999779,12.369999999999843,123,6.3244678123797655
12.379999999999779,12.379999999999841,123,6.327221142025934
12.389999999999779,12.389999999999839,123,6.3298607089135
12.399999999999778,12.399999999999839,123,6.332388081201714
12.409999999999778,12.40999999999984,123,6.3321781998282916
12.419999999999778,12.419999999999838,123,6.334564588458903
12.429999999999778,12.429999999999836,123,6.336938598949359
12.439999999999777,12.439999999999836,123,6.339308601594581
12.449999999999777,12.449999999999838,123,6.341674606516889
12.459999999999777,12.459999999999836,123,6.344036212887033
12.469999999999777,12.469999999999834,123,6.3463933131190515
12.479999999999777,12.479999999999835,123,6.3487464592300284
12.489999999999776,12.489999999999835,123,6.346762097726611
12.499999999999776,12.499999999999833,123,6.349123107055604
12.509999999999776,12.509999999999831,123,6.3514801869624335
12.519999999999776,12.519999999999833,123,6.353833347882301
12.529999999999776,12.529999999999832,123,6.356182600408516
12.539999999999775,12.53999999999983,123,6.358648125093595
12.549999999999775,12.549999999999828,123,6.361111554662017
12.559999999999775,12.55999999999983,123,6.363569940577179
12.569999999999775,12.56999999999983,123,6.3640944764333085
12.579999999999774,12.579999999999828,123,6.366562360673925
12.589999999999774,12.589999999999826,123,6.365578790689938
12.599999999999774,12.599999999999827,123,6.368011744473023
12.609999999999774,12.609999999999827,123,6.3704505867571015
12.619999999999774,12.619999999999825,123,6.3727032898597
12.629999999999773,12.629999999999823,123,6.374905523041505
12.639999999999773,12.639999999999825,123,6.377103254897932
12.649999999999773,12.649999999999824,123,6.379296538559885
12.659999999999773,12.659999999999847,123,6.381487365872772
12.669999999999773,12.669999999999822,123,6.383675153918745
12.679999999999772,12.679999999999847,123,6.385858724254717
12.689999999999772,12.689999999999847,123,6.388037766281158
12.699999999999772,12.699999999999847,123,6.390201188285985
12.709999999999772,12.709999999999846,123,6.392356041166423
12.719999999999771,12.719999999999844,123,6.394523050132605
12.729999999999771,12.729999999999844,123,6.3967904824113475
12.739999999999771,12.739999999999844,123,6.399053831726292
12.74999999999977,12.749999999999844,123,6.401313138203562
12.75999999999977,12.759999999999842,123,6.403568442191698
12.76999999999977,12.769999999999843,123,6.4058197842565505
12.77999999999977,12.779999999999841,123,6.408067205176607
12.78999999999977,12.789999999999841,123,6.408633619278831
12.79999999999977,12.799999999999839,123,6.410893813749951
12.80999999999977,12.809999999999826,123,6.406086287110426
12.81999999999977,12.819999999999839,123,6.408273101099084
12.82999999999977,12.829999999999812,123,6.410452874259192
12.839999999999769,12.839999999999826,123,6.412438975861548
12.849999999999769,12.849999999999838,123,6.414309472376559
12.859999999999769,12.859999999999848,123,6.413540957296945
12.869999999999768,12.869999999999823,123,6.415392798782918
12.879999999999768,12.879999999999834,123,6.417236893030406
12.889999999999768,12.889999999999846,123,6.4190789888565405
12.899999999999768,12.899999999999823,123,6.420918734999788
12.909999999999767,12.909999999999833,123,6.422752054773781
12.919999999999767,12.919999999999845,123,6.4245790234053715
12.929999999999767,12.929999999999819,123,6.426399716243182
12.939999999999767,12.93999999999983,123,6.428251807591678
12.949999999999767,12.949999999999843,123,6.43021355055042
12.959999999999766,12.959999999999818,123,6.432170175390169
12.969999999999766,12.96999999999983,123,6.434121724958274
12.979999999999766,12.979999999999842,123,6.434591644462515
12.989999999999766,12.989999999999815,123,6.436552892280773
12.999999999999766,12.999999999999828,123,6.438505624351876
13.009999999999765,13.009999999999838,123,6.4404422400269254
13.019999999999765,13.019999999999815,123,6.442374102848859
13.029999999999765,13.029999999999827,123,6.4443120728059995
13.039999999999765,13.039999999999837,123,6.4462561873399835
13.049999999999764,13.04999999999981,123,6.447946501108817
13.059999999999764,13.059999999999823,123,6.4495383252475875
13.069999999999764,13.069999999999835,123,6.448215521077486
13.079999999999764,13.07999999999981,123,6.4498174336085725
13.089999999999764,13.089999999999822,123,6.451411820678246
13.099999999999763,13.099999999999834,123,6.452996833433261
13.109999999999763,13.109999999999808,123,6.454574562953127
13.119999999999763,13.11999999999982,123,6.456150662541319
13.129999999999763,13.129999999999832,123,6.457720607224246
13.139999999999763,13.139999999999846,123,6.459285385515486
13.149999999999762,13.14999999999982,123,6.457658505661982
13.159999999999762,13.159999999999831,123,6.459370617193272
13.169999999999762,13.169999999999842,123,6.46109672605165
13.179999999999762,13.179999999999815,123,6.461567812053673
13.189999999999761,13.189999999999827,123,6.463303136892264
13.199999999999761,13.19999999999984,123,6.465033939579797
13.209999999999761,13.20999999999984,123,6.463317488084414
13.21999999999976,13.21999999999984,123,6.4649788931651955
13.22999999999976,13.229999999999839,123,6.466647561260359
13.23999999999976,13.239999999999837,123,6.468319325992951
13.24999999999976,13.249999999999837,123,6.46998637002325
13.25999999999976,13.259999999999838,123,6.471439686427047
13.26999999999976,13.269999999999836,123,6.472823850732738
13.27999999999976,13.279999999999834,123,6.474258601996539
13.28999999999976,13.289999999999836,123,6.475688615628499
13.29999999999976,13.299999999999836,123,6.4771139282536865
13.309999999999759,13.309999999999834,123,6.4785345763123985
13.319999999999759,13.319999999999832,123,6.477293480121645
13.329999999999758,13.329999999999833,123,6.478721404566045
13.339999999999758,13.339999999999833,123,6.480144687785739
13.349999999999758,13.349999999999831,123,6.48043976279979
13.359999999999758,13.359999999999829,123,6.481845106560584
13.369999999999758,13.36999999999983,123,6.483241732329162
13.379999999999757,13.37999999999983,123,6.484617893570558
13.389999999999757,13.389999999999828,123,6.485988302597491
13.399999999999757,13.399999999999826,123,6.487350559719701
13.409999999999757,13.409999999999828,123,6.488704693982967
13.419999999999757,13.419999999999828,123,6.4875573297676965
13.429999999999756,13.429999999999826,123,6.488988058305182
13.439999999999756,13.439999999999824,123,6.490591966751964
13.449999999999756,13.449999999999825,123,6.492197353962538
13.459999999999756,13.459999999999825,123,6.493799816047996
13.469999999999756,13.469999999999823,123,6.495362425283844
13.479999999999755,13.479999999999823,123,6.4965835980166275
13.489999999999755,13.489999999999823,123,6.497797366505637
13.499999999999755,13.499999999999822,123,6.499006772664629
13.509999999999755,13.509999999999822,123,6.500206085241302
13.519999999999754,13.51999999999982,123,6.501400825102792
13.529999999999754,13.52999999999982,123,6.502603026734917
13.539999999999754,13.53999999999982,123,6.502955014742824
13.549999999999754,13.54999999999982,123,6.504277122703698
13.559999999999754,13.559999999999818,123,6.5055985582999085
13.569999999999753,13.569999999999817,123,6.506919337240376
13.579999999999753,13.579999999999819,123,6.5059313990520025
13.589999999999753,13.589999999999817,123,6.507265698345975
13.599999999999753,13.599999999999815,123,6.508599443581531
13.609999999999753,13.609999999999815,123,6.50727526950152
13.619999999999752,13.619999999999788,123,6.508548911407416
13.629999999999752,13.629999999999827,123,6.509964293329659
13.639999999999752,13.639999999999802,123,6.511522556702133
13.649999999999752,13.649999999999837,123,6.513079322829498
13.659999999999751,13.659999999999814,123,6.514634590017806
13.669999999999751,13.669999999999787,123,6.516186770247316
13.679999999999751,13.679999999999824,123,6.517735681903275
13.68999999999975,13.689999999999797,123,6.51899386338647
13.69999999999975,13.699999999999836,123,6.52013594381819
13.70999999999975,13.709999999999809,123,6.5173121547644115
13.71999999999975,13.719999999999782,123,6.518448072432065
13.72999999999975,13.729999999999821,123,6.519600563726527
13.73999999999975,13.739999999999794,123,6.520751793369826
13.74999999999975,13.749999999999831,123,6.521901424837566
13.75999999999975,13.759999999999804,123,6.523049285761232
13.769999999999749,13.769999999999781,123,6.524196939545405
13.779999999999749,13.779999999999816,123,6.525344392537619
13.789999999999749,13.78999999999979,123,6.526491652630256
13.799999999999748,13.799999999999828,123,6.527638727826869
13.809999999999748,13.809999999999803,123,6.526658805074334
13.819999999999748,13.819999999999839,123,6.527794719810501
13.829999999999748,13.829999999999815,123,6.528960374838135
13.839999999999748,13.839999999999788,123,6.5304305371574
13.849999999999747,13.849999999999826,123,6.531890234755309
13.859999999999747,13.8599999999998,123,6.533330455852024
13.869999999999747,13.869999999999838,123,6.534768270378436
13.879999999999747,13.87999999999981,123,6.536204127812297
13.889999999999747,13.889999999999784,123,6.536620868552944
13.899999999999746,13.899999999999823,123,6.538065409695761
13.909999999999746,13.909999999999796,123,6.539190033298411
13.919999999999746,13.919999999999833,123,6.540310909051797
13.929999999999746,13.929999999999808,123,6.541450958795437
13.939999999999745,13.939999999999783,123,6.542586527500745
13.949999999999745,13.949999999999818,123,6.543717252073634
13.959999999999745,13.959999999999793,123,6.544847545913868
13.969999999999745,13.969999999999832,123,6.545977407020558
13.979999999999745,13.979999999999805,123,6.544732127948663
13.989999999999744,13.989999999999778,123,6.545859405097801
13.999999999999744,13.999999999999817,123,6.546980599056681
14.009999999999744,14.00999999999979,123,6.545831306788614
14.019999999999744,14.01999999999984,123,6.546896075262552
14.029999999999744,14.029999999999815,123,6.5480337391393135
14.039999999999743,14.039999999999788,123,6.54693469687669
14.049999999999743,14.049999999999837,123,6.548332146486317
14.059999999999743,14.059999999999812,123,6.549760551161086
14.069999999999743,14.069999999999787,123,6.550228992408023
14.079999999999742,14.079999999999837,123,6.551666878705049
14.089999999999742,14.08999999999981,123,6.55310377509727
14.099999999999742,14.099999999999786,123,6.554539679349631
14.109999999999742,14.109999999999836,123,6.555974194100955
14.119999999999742,14.11999999999981,123,6.55728166148549
14.129999999999741,14.129999999999782,123,6.558310538448225
14.139999999999741,14.139999999999834,123,6.559338531958076
14.149999999999741,14.149999999999807,123,6.560360031669006
14.15999999999974,14.15999999999978,123,6.5613759609604045
14.16999999999974,14.16999999999983,123,6.562391038219616
14.17999999999974,14.179999999999806,123,6.563404740725673
14.18999999999974,14.18999999999978,123,6.564417605626446
14.19999999999974,14.199999999999829,123,6.565429631364722
14.20999999999974,14.209999999999802,123,6.566440816415707
14.21999999999974,14.219999999999779,123,6.567451159286719
14.22999999999974,14.229999999999828,123,6.56846065071295
14.239999999999739,14.239999999999801,123,6.568712993150768
14.249999999999739,14.249999999999774,123,6.570008621404796
14.259999999999739,14.259999999999826,123,6.571374977655651
14.269999999999738,14.269999999999799,123,6.572533294661071
14.279999999999738,14.279999999999772,123,6.568769718243701
14.289999999999738,14.289999999999823,123,6.570033758066472
14.299999999999738,14.299999999999798,123,6.571242207968311
14.309999999999738,14.309999999999771,123,6.572478192202269
14.319999999999737,14.319999999999823,123,6.573713675031968
14.329999999999737,14.329999999999796,123,6.574948652850864
14.339999999999737,14.33999999999977,123,6.576182862632777
14.349999999999737,14.34999999999982,123,6.577408556669624
14.359999999999737,14.359999999999795,123,6.578622210405214
14.369999999999736,14.369999999999768,123,6.579820759953066
14.379999999999736,14.379999999999818,123,6.5810183547700944
14.389999999999736,14.389999999999791,123,6.582214989116267
14.399999999999736,14.399999999999764,123,6.583398801208517
14.409999999999735,14.409999999999803,123,6.582504864468177
14.419999999999735,14.419999999999765,123,6.5829087308338785
14.429999999999735,14.429999999999817,123,6.584037955753644
14.439999999999735,14.439999999999776,123,6.585165870925579
14.449999999999735,14.449999999999827,123,6.586292470909839
14.459999999999734,14.459999999999788,123,6.5874082579851745
14.469999999999734,14.469999999999839,123,6.587559119142568
14.479999999999734,14.479999999999798,123,6.588537285018717
14.489999999999734,14.48999999999976,123,6.589514487956521
14.499999999999734,14.49999999999981,123,6.590490723052085
14.509999999999733,14.509999999999772,123,6.588919699156364
14.519999999999733,14.519999999999824,123,6.59000191449087
14.529999999999733,14.529999999999783,123,6.588822092791332
14.539999999999733,14.539999999999832,123,6.58991797725993
14.549999999999732,14.549999999999795,123,6.591093794640898
14.559999999999732,14.559999999999755,123,6.592286446699475
14.569999999999732,14.569999999999805,123,6.593520167823513
14.579999999999732,14.579999999999767,123,6.594753497627892
14.589999999999732,14.589999999999817,123,6.595147730732904
14.599999999999731,14.59999999999978,123,6.596389337353884
14.609999999999731,14.609999999999829,123,6.597623053924792
14.619999999999731,14.61999999999979,123,6.598849827787234
14.625000000000007,14.625000000000082,123,6.599462702115446
14.625,14.625000000000082,123,6.599462702115446
14.626,14.626000000000017,123,6.5995852358723255
14.626999999999999,14.62700000000004,123,6.599707755911709
14.627999999999998,14.628000000000062,123,6.5998302622272575
14.628999999999998,14.629000000000087,123,6.599952754812648
14.629999999999997,14.630000000000107,123,6.600075233661656
14.630999999999997,14.631000000000041,123,6.600197698768071
14.631999999999996,14.632000000000065,123,6.600320150125668
14.632999999999996,14.633000000000088,123,6.600442587727898
14.633999999999995,14.63400000000002,123,6.6005650115686905
14.634999999999994,14.635000000000044,123,6.600695513368549
14.635999999999994,14.636000000000067,123,6.600830426275266
14.636999999999993,14.63700000000009,123,6.600965324633435
14.637999999999993,14.638000000000023,123,6.601100208434545
14.638999999999992,14.639000000000046,123,6.601235077670324
14.639999999999992,14.640000000000068,123,6.601369932332375
14.640999999999991,14.641000000000092,123,6.6015047724121985
14.64199999999999,14.642000000000026,123,6.601639597901581
14.64299999999999,14.643000000000047,123,6.601774408791968
14.64399999999999,14.644000000000071,123,6.601909205074961
14.644999999999989,14.645000000000094,123,6.602043986742345
14.645999999999988,14.64600000000003,123,6.602178753785694
14.646999999999988,14.647000000000052,123,6.602313506196452
14.647999999999987,14.648000000000073,123,6.60244824396645
14.648999999999987,14.649000000000095,123,6.602582967087059
14.649999999999986,14.65000000000003,123,6.602717675550053
14.650999999999986,14.651000000000053,123,6.602852369347062
14.651999999999985,14.652000000000077,123,6.602987048469544
14.652999999999984,14.65300000000001,123,6.603121712909285
14.653999999999984,14.654000000000034,123,6.6032563626578025
14.654999999999983,14.655000000000056,123,6.603390997706782
14.655999999999983,14.656000000000079,123,6.603525618047641
14.656999999999982,14.657000000000012,123,6.60366022367225
14.657999999999982,14.658000000000035,123,6.603794814572026
14.658999999999981,14.659000000000058,123,6.603929390738756
14.65999999999998,14.660000000000082,123,6.6040639327215445
14.66099999999998,14.661000000000014,123,6.6041984483393605
14.66199999999998,14.662000000000036,123,6.604332949106933
14.662999999999979,14.66300000000006,123,6.604467435015891
14.663999999999978,14.664000000000083,123,6.604601906057653
14.664999999999978,14.665000000000015,123,6.604736362223775
14.665999999999977,14.66600000000004,123,6.604870803505818
14.666999999999977,14.667000000000062,123,6.6050052298952835
14.667999999999976,14.668000000000085,123,6.605139641383687
14.668999999999976,14.669000000000018,123,6.605274037962502
14.669999999999975,14.67000000000004,123,6.605408419623373
14.670999999999975,14.671000000000063,123,6.605542786357745
14.671999999999974,14.671999999999999,123,6.605677138157063
14.672999999999973,14.673000000000021,123,6.605811475013027
14.673999999999973,14.674000000000042,123,6.605945796917041
14.674999999999972,14.675000000000066,123,6.606080103860691
14.675999999999972,14.676,123,6.606214395835423
14.676999999999971,14.677000000000024,123,6.606350594554442
14.67799999999997,14.678000000000047,123,6.606491654254782
14.67899999999997,14.679000000000068,123,6.606632704082529
14.67999999999997,14.680000000000003,123,6.606773744029297
14.680999999999969,14.681000000000026,123,6.606914774087073
14.681999999999968,14.682000000000048,123,6.607055794247387
14.682999999999968,14.683000000000073,123,6.607196804502237
14.683999999999967,14.684000000000005,123,6.607337804843098
14.684999999999967,14.685000000000029,123,6.607478795261855
14.685999999999966,14.686000000000051,123,6.607619775750251
14.686999999999966,14.687000000000074,123,6.607760746300116
14.687999999999965,14.688000000000008,123,6.60790170690305
14.688999999999965,14.68900000000003,123,6.608042657550897
14.689999999999964,14.690000000000053,123,6.60818359823547
14.690999999999963,14.690999999999988,123,6.608324528948472
14.691999999999963,14.692000000000009,123,6.608465449681546
14.692999999999962,14.693000000000032,123,6.608606360426691
14.693999999999962,14.694000000000056,123,6.608747261175424
14.694999999999961,14.69499999999999,123,6.6088881519197145
14.69599999999996,14.696000000000014,123,6.6090290326511365
14.69699999999996,14.697000000000035,123,6.609169903361604
14.69799999999996,14.698000000000057,123,6.609310764042789
14.698999999999959,14.698999999999993,123,6.609451614686421
14.699999999999958,14.700000000000015,123,6.609592455284286
14.700999999999958,14.701000000000038,123,6.6097332858281845
14.701999999999957,14.702000000000059,123,6.609874106309874
14.702999999999957,14.702999999999994,123,6.610014916721127
14.703999999999956,14.704000000000017,123,6.61015571705353
14.704999999999956,14.705000000000041,123,6.610296507299168
14.705999999999955,14.706000000000063,123,6.6104372874494715
14.706999999999955,14.706999999999995,123,6.610578033990265
14.707999999999954,14.70800000000002,123,6.610718729678098
14.708999999999953,14.709000000000042,123,6.610859415353815
14.709999999999953,14.709999999999974,123,6.611000091009444
14.710999999999952,14.710999999999999,123,6.611140756636445
14.711999999999952,14.712000000000021,123,6.61128141222683
14.712999999999951,14.713000000000044,123,6.611422057772174
14.71399999999995,14.713999999999977,123,6.611562693264361
14.71499999999995,14.715,123,6.611703318695135
14.71599999999995,14.716000000000024,123,6.611843934056125
14.716999999999949,14.717000000000047,123,6.611984539339289
14.717999999999948,14.717999999999979,123,6.612125134536242
14.718999999999948,14.719000000000003,123,6.612265719638856
14.719999999999947,14.720000000000026,123,6.612406294638774
14.720999999999947,14.721000000000048,123,6.612546859527853
14.721999999999946,14.721999999999984,123,6.612687414297753
14.722999999999946,14.723000000000004,123,6.612827958940315
14.723999999999945,14.724000000000027,123,6.612968493447383
14.724999999999945,14.725000000000051,123,6.613109017810487
14.725999999999944,14.725999999999985,123,6.61324953202157
14.726999999999943,14.72700000000001,123,6.613390036072403
14.727999999999943,14.72800000000003,123,6.613530529954687
14.728999999999942,14.728999999999964,123,6.6136710136602375
14.729999999999942,14.729999999999988,123,6.613811487180698
14.730999999999941,14.73100000000001,123,6.613951950508067
14.73199999999994,14.732000000000033,123,6.614092403633862
14.73299999999994,14.732999999999967,123,6.614232846549925
14.73399999999994,14.73399999999999,123,6.614373279248127
14.734999999999939,14.735000000000012,123,6.6145137017201705
14.735999999999938,14.736000000000036,123,6.614654113957812
14.736999999999938,14.736999999999968,123,6.614794515952781
14.737999999999937,14.73799999999999,123,6.614934907696892
14.738999999999937,14.739000000000015,123,6.615075289182016
14.739999999999936,14.740000000000038,123,6.615215660399713
14.740999999999936,14.74099999999997,123,6.615356021341952
14.741999999999935,14.741999999999994,123,6.615496372000322
14.742999999999935,14.743000000000016,123,6.615636712366694
14.743999999999934,14.744000000000039,123,6.615777042432811
14.744999999999933,14.744999999999974,123,6.615917362190558
14.745999999999933,14.745999999999995,123,6.616057671631509
14.746999999999932,14.74700000000002,123,6.616197970747606
14.747999999999932,14.747999999999953,123,6.616338259530494
14.748999999999931,14.748999999999977,123,6.6164785379721
14.74999999999993,14.75,123,6.616618806064082
14.75099999999993,14.75100000000002,123,6.616759063798241
14.75199999999993,14.751999999999956,123,6.61689931116635
14.752999999999929,14.752999999999979,123,6.617039548160193
14.753999999999929,14.754000000000001,123,6.617179774771515
14.754999999999928,14.755000000000026,123,6.617319990992129
14.755999999999927,14.755999999999958,123,6.617460196813752
14.756999999999927,14.75699999999998,123,6.617600392228297
14.757999999999926,14.758000000000004,123,6.617740577227508
14.758999999999926,14.759000000000027,123,6.617880751803
14.759999999999925,14.759999999999959,123,6.618020074185409
14.760999999999925,14.760999999999983,123,6.618158803784027
14.761999999999924,14.762000000000006,123,6.61829752349044
14.762999999999924,14.763000000000028,123,6.618439998389661
14.763999999999923,14.763999999999962,123,6.618583014643434
14.764999999999922,14.764999999999985,123,6.618726021114242
14.765999999999922,14.766000000000007,123,6.618869017793827
14.766999999999921,14.76699999999994,123,6.6179928042113545
14.76799999999992,14.767999999999963,123,6.6181370909138195
14.76899999999992,14.768999999999986,123,6.61828136816429
14.76999999999992,14.77000000000001,123,6.618425635953969
14.770999999999919,14.770999999999944,123,6.618569894273932
14.771999999999919,14.771999999999965,123,6.618714143115469
14.772999999999918,14.772999999999989,123,6.618858382469767
14.773999999999917,14.774000000000012,123,6.619002612327947
14.774999999999917,14.774999999999947,123,6.619146832681309
14.775999999999916,14.77599999999997,123,6.619291043520917
14.776999999999916,14.77699999999999,123,6.619435244837959
14.777999999999915,14.778000000000015,123,6.61957943662388
14.778999999999915,14.778999999999948,123,6.6197236188695
14.779999999999914,14.779999999999973,123,6.619867791566222
14.780999999999914,14.780999999999995,123,6.62001195470522
14.781999999999913,14.782000000000016,123,6.620156108277627
14.782999999999912,14.782999999999952,123,6.620300252274703
14.783999999999912,14.783999999999974,123,6.620444386687481
14.784999999999911,14.784999999999997,123,6.620588511507279
14.78599999999991,14.78599999999993,123,6.620732626725271
14.78699999999991,14.786999999999953,123,6.62087673233259
14.78799999999991,14.787999999999975,123,6.6210208283204395
14.788999999999909,14.390571428571437,123,6.582283339092712
14.789999999999909,14.391428571428523,123,6.58238585813956
14.79,14.3914285714286,123,6.582385858139588
